rowId,3,label
39,2.889734729,0
84,2.899426899,0
97,2.968541031,0
103,2.945060921,0
288,2.929423492,0
542,2.948416364,0
577,2.967826002,0
866,2.946540245,0
1235,2.947805194,0
1292,2.926937535,0
1303,2.973721995,0
1316,2.955683827,0
1324,2.90907646,0
1420,2.931494014,0
1461,2.971787289,0
1498,2.919000315,0
1566,2.974572839,0
1629,2.906265611,0
1712,2.913935195,1
1764,2.9651523,1
1847,2.972224029,1
1887,2.927169221,1
1976,2.942309991,1
2020,2.890609541,1
2062,2.954976787,1
2066,2.935718942,1
2067,2.963061806,1
2070,2.890915792,1
2106,2.982708456,1
2108,2.984364873,1
2133,2.944206082,1
2147,2.953968823,1
2159,2.894316507,1
2198,2.979799074,1
2259,2.97703616,1
2280,2.946067554,1
2327,2.979981493,1
2389,2.911065758,1
2393,2.915518378,1
2401,2.98193484,1
2410,2.897613362,1
2589,2.936436634,1
2599,2.914447832,1
2604,2.915439818,1
2618,2.947308535,1
2624,2.976112082,1
2638,2.974022919,1
2655,2.922921656,1
2750,2.979552742,1
2772,2.950143352,1
2786,2.92964852,1
2792,2.931002681,1
2807,2.985826888,1
2847,2.923673968,1
2855,2.972578215,1
2871,2.94223942,1
2876,2.953369636,1
2886,2.967522415,1
2922,2.946566876,1
2983,2.927301042,1
3104,2.979925569,1
3148,2.919431729,1
3155,2.928652539,1
3193,2.900541386,1
3264,2.955263065,1
3281,2.946015624,1
3306,2.971173456,1
3344,2.935876062,1
3361,2.931086567,1
3374,2.946970328,1
3382,2.967671546,1
3386,2.925620657,1
3390,2.96742255,1
3440,2.903894165,1
3456,2.911451901,1
3460,2.972449057,1
3481,2.89165612,1
3600,2.94082534,1
3611,2.970359894,1
3666,2.886653581,1
3682,2.962831453,1
3705,2.948506907,1
3727,2.902089949,1
3745,2.916254711,1
3771,2.940134279,1
3774,2.908173686,1
3849,2.889734729,0
3894,2.899426899,0
3907,2.968541031,0
3913,2.945060921,0
4098,2.929423492,0
4352,2.948416364,0
4387,2.967826002,0
4676,2.946540245,0
5045,2.947805194,0
5102,2.926937535,0
5113,2.973721995,0
5126,2.955683827,0
5134,2.90907646,0
5230,2.931494014,0
5271,2.971787289,0
5308,2.919000315,0
5376,2.974572839,0
5439,2.906265611,0
5522,2.913935195,1
5574,2.9651523,1
5657,2.972224029,1
5697,2.927169221,1
5786,2.942309991,1
5830,2.890609541,1
5872,2.954976787,1
5876,2.935718942,1
5877,2.963061806,1
5880,2.890915792,1
5916,2.982708456,1
5918,2.984364873,1
5943,2.944206082,1
5957,2.953968823,1
5969,2.894316507,1
6008,2.979799074,1
6069,2.97703616,1
6090,2.946067554,1
6137,2.979981493,1
6199,2.911065758,1
6203,2.915518378,1
6211,2.98193484,1
6220,2.897613362,1
6399,2.936436634,1
6409,2.914447832,1
6414,2.915439818,1
6428,2.947308535,1
6434,2.976112082,1
6448,2.974022919,1
6465,2.922921656,1
6560,2.979552742,1
6582,2.950143352,1
6596,2.92964852,1
6602,2.931002681,1
6657,2.923673968,1
6665,2.972578215,1
6681,2.94223942,1
6686,2.953369636,1
6696,2.967522415,1
6732,2.946566876,1
6793,2.927301042,1
6914,2.979925569,1
6958,2.919431729,1
6965,2.928652539,1
7003,2.900541386,1
7074,2.955263065,1
7091,2.946015624,1
7116,2.971173456,1
7154,2.935876062,1
7171,2.931086567,1
7184,2.946970328,1
7192,2.967671546,1
7196,2.925620657,1
7200,2.96742255,1
7250,2.903894165,1
7266,2.911451901,1
7270,2.972449057,1
7291,2.89165612,1
7410,2.94082534,1
7421,2.970359894,1
7476,2.886653581,1
7492,2.962831453,1
7515,2.948506907,1
7537,2.902089949,1
7555,2.916254711,1
7581,2.940134279,1
7584,2.908173686,1
7659,2.889734729,0
7704,2.899426899,0
7717,2.968541031,0
7723,2.945060921,0
7908,2.929423492,0
8162,2.948416364,0
8197,2.967826002,0
8486,2.946540245,0
8855,2.947805194,0
8912,2.926937535,0
8923,2.973721995,0
8936,2.955683827,0
8944,2.90907646,0
9040,2.931494014,0
9081,2.971787289,0
9118,2.919000315,0
9186,2.974572839,0
9249,2.906265611,0
9332,2.913935195,1
9384,2.9651523,1
9467,2.972224029,1
9507,2.927169221,1
9596,2.942309991,1
9640,2.890609541,1
9682,2.954976787,1
9686,2.935718942,1
9687,2.963061806,1
9690,2.890915792,1
9726,2.982708456,1
9728,2.984364873,1
9753,2.944206082,1
9767,2.953968823,1
9779,2.894316507,1
9818,2.979799074,1
9879,2.97703616,1
9900,2.946067554,1
9947,2.979981493,1
10009,2.911065758,1
10013,2.915518378,1
10021,2.98193484,1
10030,2.897613362,1
10209,2.936436634,1
10219,2.914447832,1
10224,2.915439818,1
10238,2.947308535,1
10244,2.976112082,1
10258,2.974022919,1
10275,2.922921656,1
10370,2.979552742,1
10392,2.950143352,1
10406,2.92964852,1
10412,2.931002681,1
10467,2.923673968,1
10475,2.972578215,1
10491,2.94223942,1
10496,2.953369636,1
10506,2.967522415,1
10542,2.946566876,1
10603,2.927301042,1
10724,2.979925569,1
10768,2.919431729,1
10775,2.928652539,1
10813,2.900541386,1
10884,2.955263065,1
10901,2.946015624,1
10926,2.971173456,1
10964,2.935876062,1
10981,2.931086567,1
10994,2.946970328,1
11002,2.967671546,1
11006,2.925620657,1
11010,2.96742255,1
11060,2.903894165,1
11076,2.911451901,1
11080,2.972449057,1
11101,2.89165612,1
11220,2.94082534,1
11231,2.970359894,1
11286,2.886653581,1
11302,2.962831453,1
11325,2.948506907,1
11347,2.902089949,1
11365,2.916254711,1
11391,2.940134279,1
11394,2.908173686,1
11469,2.889734729,0
11514,2.899426899,0
11527,2.968541031,0
11533,2.945060921,0
11718,2.929423492,0
11972,2.948416364,0
12007,2.967826002,0
12296,2.946540245,0
12665,2.947805194,0
12722,2.926937535,0
12733,2.973721995,0
12746,2.955683827,0
12754,2.90907646,0
12850,2.931494014,0
12891,2.971787289,0
12928,2.919000315,0
12996,2.974572839,0
13059,2.906265611,0
13142,2.913935195,1
13194,2.9651523,1
13277,2.972224029,1
13317,2.927169221,1
13406,2.942309991,1
13450,2.890609541,1
13492,2.954976787,1
13496,2.935718942,1
13497,2.963061806,1
13500,2.890915792,1
13536,2.982708456,1
13538,2.984364873,1
13563,2.944206082,1
13577,2.953968823,1
13589,2.894316507,1
13628,2.979799074,1
13689,2.97703616,1
13710,2.946067554,1
13757,2.979981493,1
13819,2.911065758,1
13823,2.915518378,1
13831,2.98193484,1
13840,2.897613362,1
14019,2.936436634,1
14029,2.914447832,1
14034,2.915439818,1
14048,2.947308535,1
14054,2.976112082,1
14068,2.974022919,1
14085,2.922921656,1
14180,2.979552742,1
14202,2.950143352,1
14216,2.92964852,1
14222,2.931002681,1
14277,2.923673968,1
14285,2.972578215,1
14301,2.94223942,1
14306,2.953369636,1
14316,2.967522415,1
14352,2.946566876,1
14413,2.927301042,1
14534,2.979925569,1
14578,2.919431729,1
14585,2.928652539,1
14623,2.900541386,1
14694,2.955263065,1
14711,2.946015624,1
14736,2.971173456,1
14774,2.935876062,1
14791,2.931086567,1
14804,2.946970328,1
14812,2.967671546,1
14816,2.925620657,1
14820,2.96742255,1
14870,2.903894165,1
14886,2.911451901,1
14890,2.972449057,1
14911,2.89165612,1
15030,2.94082534,1
15041,2.970359894,1
15096,2.886653581,1
15112,2.962831453,1
15135,2.948506907,1
15157,2.902089949,1
15175,2.916254711,1
15201,2.940134279,1
15204,2.908173686,1
15279,2.889734729,0
15324,2.899426899,0
15337,2.968541031,0
15343,2.945060921,0
15528,2.929423492,0
15782,2.948416364,0
15817,2.967826002,0
16106,2.946540245,0
16475,2.947805194,0
16532,2.926937535,0
16543,2.973721995,0
16556,2.955683827,0
16564,2.90907646,0
16660,2.931494014,0
16701,2.971787289,0
16738,2.919000315,0
16806,2.974572839,0
16869,2.906265611,0
16952,2.913935195,1
17004,2.9651523,1
17087,2.972224029,1
17127,2.927169221,1
17216,2.942309991,1
17260,2.890609541,1
17302,2.954976787,1
17306,2.935718942,1
17307,2.963061806,1
17310,2.890915792,1
17346,2.982708456,1
17348,2.984364873,1
17373,2.944206082,1
17387,2.953968823,1
17399,2.894316507,1
17438,2.979799074,1
17499,2.97703616,1
17520,2.946067554,1
17567,2.979981493,1
17629,2.911065758,1
17633,2.915518378,1
17641,2.98193484,1
17650,2.897613362,1
17829,2.936436634,1
17839,2.914447832,1
17844,2.915439818,1
17858,2.947308535,1
17864,2.976112082,1
17878,2.974022919,1
17895,2.922921656,1
17990,2.979552742,1
18012,2.950143352,1
18026,2.92964852,1
18032,2.931002681,1
18087,2.923673968,1
18095,2.972578215,1
18111,2.94223942,1
18116,2.953369636,1
18126,2.967522415,1
18162,2.946566876,1
18223,2.927301042,1
18344,2.979925569,1
18388,2.919431729,1
18395,2.928652539,1
18433,2.900541386,1
18504,2.955263065,1
18521,2.946015624,1
18546,2.971173456,1
18584,2.935876062,1
18601,2.931086567,1
18614,2.946970328,1
18622,2.967671546,1
18626,2.925620657,1
18630,2.96742255,1
18680,2.903894165,1
18696,2.911451901,1
18700,2.972449057,1
18721,2.89165612,1
18840,2.94082534,1
18851,2.970359894,1
18906,2.886653581,1
18922,2.962831453,1
18945,2.948506907,1
18967,2.902089949,1
18985,2.916254711,1
19011,2.940134279,1
19014,2.908173686,1
19089,2.889734729,0
19134,2.899426899,0
19147,2.968541031,0
19153,2.945060921,0
19338,2.929423492,0
19592,2.948416364,0
19627,2.967826002,0
19916,2.946540245,0
20285,2.947805194,0
20342,2.926937535,0
20353,2.973721995,0
20366,2.955683827,0
20374,2.90907646,0
20470,2.931494014,0
20511,2.971787289,0
20548,2.919000315,0
20616,2.974572839,0
20679,2.906265611,0
20762,2.913935195,1
20814,2.9651523,1
20897,2.972224029,1
20937,2.927169221,1
21026,2.942309991,1
21070,2.890609541,1
21112,2.954976787,1
21116,2.935718942,1
21117,2.963061806,1
21120,2.890915792,1
21156,2.982708456,1
21158,2.984364873,1
21183,2.944206082,1
21197,2.953968823,1
21209,2.894316507,1
21248,2.979799074,1
21309,2.97703616,1
21330,2.946067554,1
21377,2.979981493,1
21439,2.911065758,1
21443,2.915518378,1
21451,2.98193484,1
21460,2.897613362,1
21639,2.936436634,1
21649,2.914447832,1
21654,2.915439818,1
21668,2.947308535,1
21674,2.976112082,1
21688,2.974022919,1
21705,2.922921656,1
21800,2.979552742,1
21822,2.950143352,1
21836,2.92964852,1
21842,2.931002681,1
21897,2.923673968,1
21905,2.972578215,1
21921,2.94223942,1
21926,2.953369636,1
21936,2.967522415,1
21972,2.946566876,1
22033,2.927301042,1
22154,2.979925569,1
22198,2.919431729,1
22205,2.928652539,1
22243,2.900541386,1
22314,2.955263065,1
22331,2.946015624,1
22356,2.971173456,1
22394,2.935876062,1
22411,2.931086567,1
22424,2.946970328,1
22432,2.967671546,1
22436,2.925620657,1
22440,2.96742255,1
22490,2.903894165,1
22506,2.911451901,1
22510,2.972449057,1
22531,2.89165612,1
22650,2.94082534,1
22661,2.970359894,1
22716,2.886653581,1
22732,2.962831453,1
22755,2.948506907,1
22777,2.902089949,1
22795,2.916254711,1
22821,2.940134279,1
22824,2.908173686,1
22899,2.889734729,0
22944,2.899426899,0
22957,2.968541031,0
22963,2.945060921,0
23148,2.929423492,0
23402,2.948416364,0
23437,2.967826002,0
23726,2.946540245,0
24095,2.947805194,0
24152,2.926937535,0
24163,2.973721995,0
24176,2.955683827,0
24184,2.90907646,0
24280,2.931494014,0
24321,2.971787289,0
24358,2.919000315,0
24426,2.974572839,0
24489,2.906265611,0
24572,2.913935195,1
24624,2.9651523,1
24707,2.972224029,1
24747,2.927169221,1
24836,2.942309991,1
24880,2.890609541,1
24922,2.954976787,1
24926,2.935718942,1
24927,2.963061806,1
24930,2.890915792,1
24966,2.982708456,1
24968,2.984364873,1
24993,2.944206082,1
25007,2.953968823,1
25019,2.894316507,1
25058,2.979799074,1
25119,2.97703616,1
25140,2.946067554,1
25187,2.979981493,1
25249,2.911065758,1
25253,2.915518378,1
25261,2.98193484,1
25270,2.897613362,1
25449,2.936436634,1
25459,2.914447832,1
25464,2.915439818,1
25478,2.947308535,1
25484,2.976112082,1
25498,2.974022919,1
25515,2.922921656,1
25610,2.979552742,1
25632,2.950143352,1
25646,2.92964852,1
25652,2.931002681,1
25707,2.923673968,1
25715,2.972578215,1
25731,2.94223942,1
25736,2.953369636,1
25746,2.967522415,1
25782,2.946566876,1
25843,2.927301042,1
25964,2.979925569,1
26008,2.919431729,1
26015,2.928652539,1
26053,2.900541386,1
26124,2.955263065,1
26141,2.946015624,1
26166,2.971173456,1
26204,2.935876062,1
26221,2.931086567,1
26234,2.946970328,1
26242,2.967671546,1
26246,2.925620657,1
26250,2.96742255,1
26300,2.903894165,1
26316,2.911451901,1
26320,2.972449057,1
26341,2.89165612,1
26460,2.94082534,1
26471,2.970359894,1
26526,2.886653581,1
26542,2.962831453,1
26565,2.948506907,1
26587,2.902089949,1
26605,2.916254711,1
26631,2.940134279,1
26634,2.908173686,1
26709,2.889734729,0
26754,2.899426899,0
26767,2.968541031,0
26773,2.945060921,0
26958,2.929423492,0
27212,2.948416364,0
27247,2.967826002,0
27536,2.946540245,0
27905,2.947805194,0
27962,2.926937535,0
27973,2.973721995,0
27986,2.955683827,0
27994,2.90907646,0
28090,2.931494014,0
28131,2.971787289,0
28168,2.919000315,0
28236,2.974572839,0
28299,2.906265611,0
28382,2.913935195,1
28434,2.9651523,1
28517,2.972224029,1
28557,2.927169221,1
28646,2.942309991,1
28690,2.890609541,1
28732,2.954976787,1
28736,2.935718942,1
28737,2.963061806,1
28740,2.890915792,1
28776,2.982708456,1
28778,2.984364873,1
28803,2.944206082,1
28817,2.953968823,1
28829,2.894316507,1
28868,2.979799074,1
28929,2.97703616,1
28950,2.946067554,1
28997,2.979981493,1
29059,2.911065758,1
29063,2.915518378,1
29071,2.98193484,1
29080,2.897613362,1
29259,2.936436634,1
29269,2.914447832,1
29274,2.915439818,1
29288,2.947308535,1
29294,2.976112082,1
29308,2.974022919,1
29325,2.922921656,1
29420,2.979552742,1
29442,2.950143352,1
29456,2.92964852,1
29462,2.931002681,1
29517,2.923673968,1
29525,2.972578215,1
29541,2.94223942,1
29546,2.953369636,1
29556,2.967522415,1
29592,2.946566876,1
29653,2.927301042,1
29774,2.979925569,1
29818,2.919431729,1
29825,2.928652539,1
29863,2.900541386,1
29934,2.955263065,1
29951,2.946015624,1
29976,2.971173456,1
30014,2.935876062,1
30031,2.931086567,1
30044,2.946970328,1
30052,2.967671546,1
30056,2.925620657,1
30060,2.96742255,1
30110,2.903894165,1
30126,2.911451901,1
30130,2.972449057,1
30151,2.89165612,1
30270,2.94082534,1
30281,2.970359894,1
30336,2.886653581,1
30352,2.962831453,1
30375,2.948506907,1
30397,2.902089949,1
30415,2.916254711,1
30441,2.940134279,1
30444,2.908173686,1
30519,2.889734729,0
30564,2.899426899,0
30577,2.968541031,0
30583,2.945060921,0
30768,2.929423492,0
31022,2.948416364,0
31057,2.967826002,0
31346,2.946540245,0
31715,2.947805194,0
31772,2.926937535,0
31783,2.973721995,0
31796,2.955683827,0
31804,2.90907646,0
31900,2.931494014,0
31941,2.971787289,0
31978,2.919000315,0
32046,2.974572839,0
32109,2.906265611,0
32192,2.913935195,1
32244,2.9651523,1
32327,2.972224029,1
32367,2.927169221,1
32456,2.942309991,1
32500,2.890609541,1
32542,2.954976787,1
32546,2.935718942,1
32547,2.963061806,1
32550,2.890915792,1
32586,2.982708456,1
32588,2.984364873,1
32613,2.944206082,1
32627,2.953968823,1
32639,2.894316507,1
32678,2.979799074,1
32739,2.97703616,1
32760,2.946067554,1
32807,2.979981493,1
32869,2.911065758,1
32873,2.915518378,1
32881,2.98193484,1
32890,2.897613362,1
33069,2.936436634,1
33079,2.914447832,1
33084,2.915439818,1
33098,2.947308535,1
33104,2.976112082,1
33118,2.974022919,1
33135,2.922921656,1
33230,2.979552742,1
33252,2.950143352,1
33266,2.92964852,1
33272,2.931002681,1
33327,2.923673968,1
33335,2.972578215,1
33351,2.94223942,1
33356,2.953369636,1
33366,2.967522415,1
33402,2.946566876,1
33463,2.927301042,1
33584,2.979925569,1
33628,2.919431729,1
33635,2.928652539,1
33673,2.900541386,1
33744,2.955263065,1
33761,2.946015624,1
33786,2.971173456,1
33824,2.935876062,1
33841,2.931086567,1
33854,2.946970328,1
33862,2.967671546,1
33866,2.925620657,1
33870,2.96742255,1
33920,2.903894165,1
33936,2.911451901,1
33940,2.972449057,1
33961,2.89165612,1
34080,2.94082534,1
34091,2.970359894,1
34146,2.886653581,1
34162,2.962831453,1
34185,2.948506907,1
34207,2.902089949,1
34225,2.916254711,1
34251,2.940134279,1
34254,2.908173686,1
34329,2.889734729,0
34374,2.899426899,0
34387,2.968541031,0
34393,2.945060921,0
34578,2.929423492,0
34832,2.948416364,0
34867,2.967826002,0
35156,2.946540245,0
35525,2.947805194,0
35582,2.926937535,0
35593,2.973721995,0
35606,2.955683827,0
35614,2.90907646,0
35710,2.931494014,0
35751,2.971787289,0
35788,2.919000315,0
35856,2.974572839,0
35919,2.906265611,0
36002,2.913935195,1
36054,2.9651523,1
36137,2.972224029,1
36177,2.927169221,1
36266,2.942309991,1
36310,2.890609541,1
36352,2.954976787,1
36356,2.935718942,1
36357,2.963061806,1
36360,2.890915792,1
36396,2.982708456,1
36398,2.984364873,1
36423,2.944206082,1
36437,2.953968823,1
36449,2.894316507,1
36488,2.979799074,1
36549,2.97703616,1
36570,2.946067554,1
36617,2.979981493,1
36679,2.911065758,1
36683,2.915518378,1
36691,2.98193484,1
36700,2.897613362,1
36879,2.936436634,1
36889,2.914447832,1
36894,2.915439818,1
36908,2.947308535,1
36914,2.976112082,1
36928,2.974022919,1
36945,2.922921656,1
37040,2.979552742,1
37062,2.950143352,1
37076,2.92964852,1
37082,2.931002681,1
37137,2.923673968,1
37145,2.972578215,1
37161,2.94223942,1
37166,2.953369636,1
37176,2.967522415,1
37212,2.946566876,1
37273,2.927301042,1
37394,2.979925569,1
37438,2.919431729,1
37445,2.928652539,1
37483,2.900541386,1
37554,2.955263065,1
37571,2.946015624,1
37596,2.971173456,1
37634,2.935876062,1
37651,2.931086567,1
37664,2.946970328,1
37672,2.967671546,1
37676,2.925620657,1
37680,2.96742255,1
37730,2.903894165,1
37746,2.911451901,1
37750,2.972449057,1
37771,2.89165612,1
37890,2.94082534,1
37901,2.970359894,1
37956,2.886653581,1
37972,2.962831453,1
37995,2.948506907,1
38017,2.902089949,1
38035,2.916254711,1
38061,2.940134279,1
38064,2.908173686,1
38139,2.889734729,0
38184,2.899426899,0
38197,2.968541031,0
38203,2.945060921,0
38388,2.929423492,0
38642,2.948416364,0
38677,2.967826002,0
38966,2.946540245,0
39335,2.947805194,0
39392,2.926937535,0
39403,2.973721995,0
39416,2.955683827,0
39424,2.90907646,0
39520,2.931494014,0
39561,2.971787289,0
39598,2.919000315,0
39666,2.974572839,0
39729,2.906265611,0
39812,2.913935195,1
39864,2.9651523,1
39947,2.972224029,1
39987,2.927169221,1
40076,2.942309991,1
40120,2.890609541,1
40162,2.954976787,1
40166,2.935718942,1
40167,2.963061806,1
40170,2.890915792,1
40206,2.982708456,1
40208,2.984364873,1
40233,2.944206082,1
40247,2.953968823,1
40259,2.894316507,1
40298,2.979799074,1
40359,2.97703616,1
40380,2.946067554,1
40427,2.979981493,1
40489,2.911065758,1
40493,2.915518378,1
40501,2.98193484,1
40510,2.897613362,1
40689,2.936436634,1
40699,2.914447832,1
40704,2.915439818,1
40718,2.947308535,1
40724,2.976112082,1
40738,2.974022919,1
40755,2.922921656,1
40850,2.979552742,1
40872,2.950143352,1
40886,2.92964852,1
40892,2.931002681,1
40947,2.923673968,1
40955,2.972578215,1
40971,2.94223942,1
40976,2.953369636,1
40986,2.967522415,1
41022,2.946566876,1
41083,2.927301042,1
41204,2.979925569,1
41248,2.919431729,1
41255,2.928652539,1
41293,2.900541386,1
41364,2.955263065,1
41381,2.946015624,1
41406,2.971173456,1
41444,2.935876062,1
41461,2.931086567,1
41474,2.946970328,1
41482,2.967671546,1
41486,2.925620657,1
41490,2.96742255,1
41540,2.903894165,1
41556,2.911451901,1
41560,2.972449057,1
41581,2.89165612,1
41700,2.94082534,1
41711,2.970359894,1
41766,2.886653581,1
41782,2.962831453,1
41805,2.948506907,1
41827,2.902089949,1
41845,2.916254711,1
41871,2.940134279,1
41874,2.908173686,1
41949,2.889734729,0
41994,2.899426899,0
42007,2.968541031,0
42013,2.945060921,0
42198,2.929423492,0
42452,2.948416364,0
42487,2.967826002,0
42776,2.946540245,0
43145,2.947805194,0
43202,2.926937535,0
43213,2.973721995,0
43226,2.955683827,0
43234,2.90907646,0
43330,2.931494014,0
43371,2.971787289,0
43408,2.919000315,0
43476,2.974572839,0
43539,2.906265611,0
43622,2.913935195,1
43674,2.9651523,1
43757,2.972224029,1
43797,2.927169221,1
43886,2.942309991,1
43930,2.890609541,1
43972,2.954976787,1
43976,2.935718942,1
43977,2.963061806,1
43980,2.890915792,1
44016,2.982708456,1
44018,2.984364873,1
44043,2.944206082,1
44057,2.953968823,1
44069,2.894316507,1
44108,2.979799074,1
44169,2.97703616,1
44190,2.946067554,1
44237,2.979981493,1
44299,2.911065758,1
44303,2.915518378,1
44311,2.98193484,1
44320,2.897613362,1
44499,2.936436634,1
44509,2.914447832,1
44514,2.915439818,1
44528,2.947308535,1
44534,2.976112082,1
44548,2.974022919,1
44565,2.922921656,1
44660,2.979552742,1
44682,2.950143352,1
44696,2.92964852,1
44702,2.931002681,1
44757,2.923673968,1
44765,2.972578215,1
44781,2.94223942,1
44786,2.953369636,1
44796,2.967522415,1
44832,2.946566876,1
44893,2.927301042,1
45014,2.979925569,1
45058,2.919431729,1
45065,2.928652539,1
45103,2.900541386,1
45174,2.955263065,1
45191,2.946015624,1
45216,2.971173456,1
45254,2.935876062,1
45271,2.931086567,1
45284,2.946970328,1
45292,2.967671546,1
45296,2.925620657,1
45300,2.96742255,1
45350,2.903894165,1
45366,2.911451901,1
45370,2.972449057,1
45391,2.89165612,1
45510,2.94082534,1
45521,2.970359894,1
45576,2.886653581,1
45592,2.962831453,1
45615,2.948506907,1
45637,2.902089949,1
45655,2.916254711,1
45681,2.940134279,1
45684,2.908173686,1
45759,2.889734729,0
45804,2.899426899,0
45817,2.968541031,0
45823,2.945060921,0
46008,2.929423492,0
46262,2.948416364,0
46297,2.967826002,0
46586,2.946540245,0
46955,2.947805194,0
47012,2.926937535,0
47023,2.973721995,0
47036,2.955683827,0
47044,2.90907646,0
47140,2.931494014,0
47181,2.971787289,0
47218,2.919000315,0
47286,2.974572839,0
47349,2.906265611,0
47432,2.913935195,1
47484,2.9651523,1
47567,2.972224029,1
47607,2.927169221,1
47696,2.942309991,1
47740,2.890609541,1
47782,2.954976787,1
47786,2.935718942,1
47787,2.963061806,1
47790,2.890915792,1
47826,2.982708456,1
47828,2.984364873,1
47853,2.944206082,1
47867,2.953968823,1
47879,2.894316507,1
47918,2.979799074,1
47979,2.97703616,1
48000,2.946067554,1
48047,2.979981493,1
48109,2.911065758,1
48113,2.915518378,1
48121,2.98193484,1
48130,2.897613362,1
48309,2.936436634,1
48319,2.914447832,1
48324,2.915439818,1
48338,2.947308535,1
48344,2.976112082,1
48358,2.974022919,1
48375,2.922921656,1
48470,2.979552742,1
48492,2.950143352,1
48506,2.92964852,1
48512,2.931002681,1
48567,2.923673968,1
48575,2.972578215,1
48591,2.94223942,1
48596,2.953369636,1
48606,2.967522415,1
48642,2.946566876,1
48703,2.927301042,1
48824,2.979925569,1
48868,2.919431729,1
48875,2.928652539,1
48913,2.900541386,1
48984,2.955263065,1
49001,2.946015624,1
49026,2.971173456,1
49064,2.935876062,1
49081,2.931086567,1
49094,2.946970328,1
49102,2.967671546,1
49106,2.925620657,1
49110,2.96742255,1
49160,2.903894165,1
49176,2.911451901,1
49180,2.972449057,1
49201,2.89165612,1
49320,2.94082534,1
49331,2.970359894,1
49386,2.886653581,1
49402,2.962831453,1
49425,2.948506907,1
49447,2.902089949,1
49465,2.916254711,1
49491,2.940134279,1
49494,2.908173686,1
49569,2.889734729,0
49614,2.899426899,0
49627,2.968541031,0
49633,2.945060921,0
49818,2.929423492,0
50072,2.948416364,0
50107,2.967826002,0
50396,2.946540245,0
50765,2.947805194,0
50822,2.926937535,0
50833,2.973721995,0
50846,2.955683827,0
50854,2.90907646,0
50950,2.931494014,0
50991,2.971787289,0
51028,2.919000315,0
51096,2.974572839,0
51159,2.906265611,0
51242,2.913935195,1
51294,2.9651523,1
51377,2.972224029,1
51417,2.927169221,1
51506,2.942309991,1
51550,2.890609541,1
51592,2.954976787,1
51596,2.935718942,1
51597,2.963061806,1
51600,2.890915792,1
51636,2.982708456,1
51638,2.984364873,1
51663,2.944206082,1
51677,2.953968823,1
51689,2.894316507,1
51728,2.979799074,1
51789,2.97703616,1
51810,2.946067554,1
51857,2.979981493,1
51919,2.911065758,1
51923,2.915518378,1
51931,2.98193484,1
51940,2.897613362,1
52119,2.936436634,1
52129,2.914447832,1
52134,2.915439818,1
52148,2.947308535,1
52154,2.976112082,1
52168,2.974022919,1
52185,2.922921656,1
52280,2.979552742,1
52302,2.950143352,1
52316,2.92964852,1
52322,2.931002681,1
52377,2.923673968,1
52385,2.972578215,1
52401,2.94223942,1
52406,2.953369636,1
52416,2.967522415,1
52452,2.946566876,1
52513,2.927301042,1
52634,2.979925569,1
52678,2.919431729,1
52685,2.928652539,1
52723,2.900541386,1
52794,2.955263065,1
52811,2.946015624,1
52836,2.971173456,1
52874,2.935876062,1
52891,2.931086567,1
52904,2.946970328,1
52912,2.967671546,1
52916,2.925620657,1
52920,2.96742255,1
52970,2.903894165,1
52986,2.911451901,1
52990,2.972449057,1
53011,2.89165612,1
53130,2.94082534,1
53141,2.970359894,1
53196,2.886653581,1
53212,2.962831453,1
53235,2.948506907,1
53257,2.902089949,1
53275,2.916254711,1
53301,2.940134279,1
53304,2.908173686,1
53379,2.889734729,0
53424,2.899426899,0
53437,2.968541031,0
53443,2.945060921,0
53628,2.929423492,0
53882,2.948416364,0
53917,2.967826002,0
54206,2.946540245,0
54575,2.947805194,0
54632,2.926937535,0
54643,2.973721995,0
54656,2.955683827,0
54664,2.90907646,0
54760,2.931494014,0
54801,2.971787289,0
54838,2.919000315,0
54906,2.974572839,0
54969,2.906265611,0
55052,2.913935195,1
55104,2.9651523,1
55187,2.972224029,1
55227,2.927169221,1
55316,2.942309991,1
55360,2.890609541,1
55402,2.954976787,1
55406,2.935718942,1
55407,2.963061806,1
55410,2.890915792,1
55446,2.982708456,1
55448,2.984364873,1
55473,2.944206082,1
55487,2.953968823,1
55499,2.894316507,1
55538,2.979799074,1
55599,2.97703616,1
55620,2.946067554,1
55667,2.979981493,1
55729,2.911065758,1
55733,2.915518378,1
55741,2.98193484,1
55750,2.897613362,1
55929,2.936436634,1
55939,2.914447832,1
55944,2.915439818,1
55958,2.947308535,1
55964,2.976112082,1
55978,2.974022919,1
55995,2.922921656,1
56090,2.979552742,1
56112,2.950143352,1
56126,2.92964852,1
56132,2.931002681,1
56187,2.923673968,1
56195,2.972578215,1
56211,2.94223942,1
56216,2.953369636,1
56226,2.967522415,1
56262,2.946566876,1
56323,2.927301042,1
56444,2.979925569,1
56488,2.919431729,1
56495,2.928652539,1
56533,2.900541386,1
56604,2.955263065,1
56621,2.946015624,1
56646,2.971173456,1
56684,2.935876062,1
56701,2.931086567,1
56714,2.946970328,1
56722,2.967671546,1
56726,2.925620657,1
56730,2.96742255,1
56780,2.903894165,1
56796,2.911451901,1
56800,2.972449057,1
56821,2.89165612,1
56940,2.94082534,1
56951,2.970359894,1
57006,2.886653581,1
57022,2.962831453,1
57045,2.948506907,1
57067,2.902089949,1
57085,2.916254711,1
57111,2.940134279,1
57114,2.908173686,1
57189,2.889734729,0
57234,2.899426899,0
57247,2.968541031,0
57253,2.945060921,0
57438,2.929423492,0
57692,2.948416364,0
57727,2.967826002,0
58016,2.946540245,0
58385,2.947805194,0
58442,2.926937535,0
58453,2.973721995,0
58466,2.955683827,0
58474,2.90907646,0
58570,2.931494014,0
58611,2.971787289,0
58648,2.919000315,0
58716,2.974572839,0
58779,2.906265611,0
58862,2.913935195,1
58914,2.9651523,1
58997,2.972224029,1
59037,2.927169221,1
59126,2.942309991,1
59170,2.890609541,1
59212,2.954976787,1
59216,2.935718942,1
59217,2.963061806,1
59220,2.890915792,1
59256,2.982708456,1
59258,2.984364873,1
59283,2.944206082,1
59297,2.953968823,1
59309,2.894316507,1
59348,2.979799074,1
59409,2.97703616,1
59430,2.946067554,1
59477,2.979981493,1
59539,2.911065758,1
59543,2.915518378,1
59551,2.98193484,1
59560,2.897613362,1
59739,2.936436634,1
59749,2.914447832,1
59754,2.915439818,1
59768,2.947308535,1
59774,2.976112082,1
59788,2.974022919,1
59805,2.922921656,1
59900,2.979552742,1
59922,2.950143352,1
59936,2.92964852,1
59942,2.931002681,1
59997,2.923673968,1
60005,2.972578215,1
60021,2.94223942,1
60026,2.953369636,1
60036,2.967522415,1
60072,2.946566876,1
60133,2.927301042,1
60254,2.979925569,1
60298,2.919431729,1
60305,2.928652539,1
60343,2.900541386,1
60414,2.955263065,1
60431,2.946015624,1
60456,2.971173456,1
60494,2.935876062,1
60511,2.931086567,1
60524,2.946970328,1
60532,2.967671546,1
60536,2.925620657,1
60540,2.96742255,1
60590,2.903894165,1
60606,2.911451901,1
60610,2.972449057,1
60631,2.89165612,1
60750,2.94082534,1
60761,2.970359894,1
60816,2.886653581,1
60832,2.962831453,1
60855,2.948506907,1
60877,2.902089949,1
60895,2.916254711,1
60921,2.940134279,1
60924,2.908173686,1
60999,2.889734729,0
61044,2.899426899,0
61057,2.968541031,0
61063,2.945060921,0
61248,2.929423492,0
61502,2.948416364,0
61537,2.967826002,0
61826,2.946540245,0
62195,2.947805194,0
62252,2.926937535,0
62263,2.973721995,0
62276,2.955683827,0
62284,2.90907646,0
62380,2.931494014,0
62421,2.971787289,0
62458,2.919000315,0
62526,2.974572839,0
62589,2.906265611,0
62672,2.913935195,1
62724,2.9651523,1
62807,2.972224029,1
62847,2.927169221,1
62936,2.942309991,1
62980,2.890609541,1
63022,2.954976787,1
63026,2.935718942,1
63027,2.963061806,1
63030,2.890915792,1
63066,2.982708456,1
63068,2.984364873,1
63093,2.944206082,1
63107,2.953968823,1
63119,2.894316507,1
63158,2.979799074,1
63219,2.97703616,1
63240,2.946067554,1
63287,2.979981493,1
63349,2.911065758,1
63353,2.915518378,1
63361,2.98193484,1
63370,2.897613362,1
63549,2.936436634,1
63559,2.914447832,1
63564,2.915439818,1
63578,2.947308535,1
63584,2.976112082,1
63598,2.974022919,1
63615,2.922921656,1
63710,2.979552742,1
63732,2.950143352,1
63746,2.92964852,1
63752,2.931002681,1
63807,2.923673968,1
63815,2.972578215,1
63831,2.94223942,1
63836,2.953369636,1
63846,2.967522415,1
63882,2.946566876,1
63943,2.927301042,1
64064,2.979925569,1
64108,2.919431729,1
64115,2.928652539,1
64153,2.900541386,1
64224,2.955263065,1
64241,2.946015624,1
64266,2.971173456,1
64304,2.935876062,1
64321,2.931086567,1
64334,2.946970328,1
64342,2.967671546,1
64346,2.925620657,1
64350,2.96742255,1
64400,2.903894165,1
64416,2.911451901,1
64420,2.972449057,1
64441,2.89165612,1
64560,2.94082534,1
64571,2.970359894,1
64626,2.886653581,1
64642,2.962831453,1
64665,2.948506907,1
64687,2.902089949,1
64705,2.916254711,1
64731,2.940134279,1
64734,2.908173686,1
64809,2.889734729,0
64854,2.899426899,0
64867,2.968541031,0
64873,2.945060921,0
65058,2.929423492,0
65312,2.948416364,0
65347,2.967826002,0
65636,2.946540245,0
66005,2.947805194,0
66062,2.926937535,0
66073,2.973721995,0
66086,2.955683827,0
66094,2.90907646,0
66190,2.931494014,0
66231,2.971787289,0
66268,2.919000315,0
66336,2.974572839,0
66399,2.906265611,0
66482,2.913935195,1
66534,2.9651523,1
66617,2.972224029,1
66657,2.927169221,1
66746,2.942309991,1
66790,2.890609541,1
66832,2.954976787,1
66836,2.935718942,1
66837,2.963061806,1
66840,2.890915792,1
66876,2.982708456,1
66878,2.984364873,1
66903,2.944206082,1
66917,2.953968823,1
66929,2.894316507,1
66968,2.979799074,1
67029,2.97703616,1
67050,2.946067554,1
67097,2.979981493,1
67159,2.911065758,1
67163,2.915518378,1
67171,2.98193484,1
67180,2.897613362,1
67359,2.936436634,1
67369,2.914447832,1
67374,2.915439818,1
67388,2.947308535,1
67394,2.976112082,1
67408,2.974022919,1
67425,2.922921656,1
67520,2.979552742,1
67542,2.950143352,1
67556,2.92964852,1
67562,2.931002681,1
67617,2.923673968,1
67625,2.972578215,1
67641,2.94223942,1
67646,2.953369636,1
67656,2.967522415,1
67692,2.946566876,1
67753,2.927301042,1
67874,2.979925569,1
67918,2.919431729,1
67925,2.928652539,1
67963,2.900541386,1
68034,2.955263065,1
68051,2.946015624,1
68076,2.971173456,1
68114,2.935876062,1
68131,2.931086567,1
68144,2.946970328,1
68152,2.967671546,1
68156,2.925620657,1
68160,2.96742255,1
68210,2.903894165,1
68226,2.911451901,1
68230,2.972449057,1
68251,2.89165612,1
68370,2.94082534,1
68381,2.970359894,1
68436,2.886653581,1
68452,2.962831453,1
68475,2.948506907,1
68497,2.902089949,1
68515,2.916254711,1
68541,2.940134279,1
68544,2.908173686,1
68619,2.889734729,0
68664,2.899426899,0
68677,2.968541031,0
68683,2.945060921,0
68868,2.929423492,0
69122,2.948416364,0
69157,2.967826002,0
69446,2.946540245,0
69815,2.947805194,0
69872,2.926937535,0
69883,2.973721995,0
69896,2.955683827,0
69904,2.90907646,0
70000,2.931494014,0
70041,2.971787289,0
70078,2.919000315,0
70146,2.974572839,0
70209,2.906265611,0
70292,2.913935195,1
70344,2.9651523,1
70427,2.972224029,1
70467,2.927169221,1
70556,2.942309991,1
70600,2.890609541,1
70642,2.954976787,1
70646,2.935718942,1
70647,2.963061806,1
70650,2.890915792,1
70686,2.982708456,1
70688,2.984364873,1
70713,2.944206082,1
70727,2.953968823,1
70739,2.894316507,1
70778,2.979799074,1
70839,2.97703616,1
70860,2.946067554,1
70907,2.979981493,1
70969,2.911065758,1
70973,2.915518378,1
70981,2.98193484,1
70990,2.897613362,1
71169,2.936436634,1
71179,2.914447832,1
71184,2.915439818,1
71198,2.947308535,1
71204,2.976112082,1
71218,2.974022919,1
71235,2.922921656,1
71330,2.979552742,1
71352,2.950143352,1
71366,2.92964852,1
71372,2.931002681,1
71427,2.923673968,1
71435,2.972578215,1
71451,2.94223942,1
71456,2.953369636,1
71466,2.967522415,1
71502,2.946566876,1
71563,2.927301042,1
71684,2.979925569,1
71728,2.919431729,1
71735,2.928652539,1
71773,2.900541386,1
71844,2.955263065,1
71861,2.946015624,1
71886,2.971173456,1
71924,2.935876062,1
71941,2.931086567,1
71954,2.946970328,1
71962,2.967671546,1
71966,2.925620657,1
71970,2.96742255,1
72020,2.903894165,1
72036,2.911451901,1
72040,2.972449057,1
72061,2.89165612,1
72180,2.94082534,1
72191,2.970359894,1
72246,2.886653581,1
72262,2.962831453,1
72285,2.948506907,1
72307,2.902089949,1
72325,2.916254711,1
72351,2.940134279,1
72354,2.908173686,1
72429,2.889734729,0
72474,2.899426899,0
72487,2.968541031,0
72493,2.945060921,0
72678,2.929423492,0
72932,2.948416364,0
72967,2.967826002,0
73256,2.946540245,0
73625,2.947805194,0
73682,2.926937535,0
73693,2.973721995,0
73706,2.955683827,0
73714,2.90907646,0
73810,2.931494014,0
73851,2.971787289,0
73888,2.919000315,0
73956,2.974572839,0
74019,2.906265611,0
74102,2.913935195,1
74154,2.9651523,1
74237,2.972224029,1
74277,2.927169221,1
74366,2.942309991,1
74410,2.890609541,1
74452,2.954976787,1
74456,2.935718942,1
74457,2.963061806,1
74460,2.890915792,1
74496,2.982708456,1
74498,2.984364873,1
74523,2.944206082,1
74537,2.953968823,1
74549,2.894316507,1
74588,2.979799074,1
74649,2.97703616,1
74670,2.946067554,1
74717,2.979981493,1
74779,2.911065758,1
74783,2.915518378,1
74791,2.98193484,1
74800,2.897613362,1
74979,2.936436634,1
74989,2.914447832,1
74994,2.915439818,1
75008,2.947308535,1
75014,2.976112082,1
75028,2.974022919,1
75045,2.922921656,1
75140,2.979552742,1
75162,2.950143352,1
75176,2.92964852,1
75182,2.931002681,1
75237,2.923673968,1
75245,2.972578215,1
75261,2.94223942,1
75266,2.953369636,1
75276,2.967522415,1
75312,2.946566876,1
75373,2.927301042,1
75494,2.979925569,1
75538,2.919431729,1
75545,2.928652539,1
75583,2.900541386,1
75654,2.955263065,1
75671,2.946015624,1
75696,2.971173456,1
75734,2.935876062,1
75751,2.931086567,1
75764,2.946970328,1
75772,2.967671546,1
75776,2.925620657,1
75780,2.96742255,1
75830,2.903894165,1
75846,2.911451901,1
75850,2.972449057,1
75871,2.89165612,1
75990,2.94082534,1
76001,2.970359894,1
76056,2.886653581,1
76072,2.962831453,1
76095,2.948506907,1
76117,2.902089949,1
76135,2.916254711,1
76161,2.940134279,1
76164,2.908173686,1
76239,2.889734729,0
76284,2.899426899,0
76297,2.968541031,0
76303,2.945060921,0
76488,2.929423492,0
76742,2.948416364,0
76777,2.967826002,0
77066,2.946540245,0
77435,2.947805194,0
77492,2.926937535,0
77503,2.973721995,0
77516,2.955683827,0
77524,2.90907646,0
77620,2.931494014,0
77661,2.971787289,0
77698,2.919000315,0
77766,2.974572839,0
77829,2.906265611,0
77912,2.913935195,1
77964,2.9651523,1
78047,2.972224029,1
78087,2.927169221,1
78176,2.942309991,1
78220,2.890609541,1
78262,2.954976787,1
78266,2.935718942,1
78267,2.963061806,1
78270,2.890915792,1
78306,2.982708456,1
78308,2.984364873,1
78333,2.944206082,1
78347,2.953968823,1
78359,2.894316507,1
78398,2.979799074,1
78459,2.97703616,1
78480,2.946067554,1
78527,2.979981493,1
78589,2.911065758,1
78593,2.915518378,1
78601,2.98193484,1
78610,2.897613362,1
78789,2.936436634,1
78799,2.914447832,1
78804,2.915439818,1
78818,2.947308535,1
78824,2.976112082,1
78838,2.974022919,1
78855,2.922921656,1
78950,2.979552742,1
78972,2.950143352,1
78986,2.92964852,1
78992,2.931002681,1
79047,2.923673968,1
79055,2.972578215,1
79071,2.94223942,1
79076,2.953369636,1
79086,2.967522415,1
79122,2.946566876,1
79183,2.927301042,1
79304,2.979925569,1
79348,2.919431729,1
79355,2.928652539,1
79393,2.900541386,1
79464,2.955263065,1
79481,2.946015624,1
79506,2.971173456,1
79544,2.935876062,1
79561,2.931086567,1
79574,2.946970328,1
79582,2.967671546,1
79586,2.925620657,1
79590,2.96742255,1
79640,2.903894165,1
79656,2.911451901,1
79660,2.972449057,1
79681,2.89165612,1
79800,2.94082534,1
79811,2.970359894,1
79866,2.886653581,1
79882,2.962831453,1
79905,2.948506907,1
79927,2.902089949,1
79945,2.916254711,1
79971,2.940134279,1
79974,2.908173686,1
80049,2.889734729,0
80094,2.899426899,0
80107,2.968541031,0
80113,2.945060921,0
80298,2.929423492,0
80552,2.948416364,0
80587,2.967826002,0
80876,2.946540245,0
81245,2.947805194,0
81302,2.926937535,0
81313,2.973721995,0
81326,2.955683827,0
81334,2.90907646,0
81430,2.931494014,0
81471,2.971787289,0
81508,2.919000315,0
81576,2.974572839,0
81639,2.906265611,0
81722,2.913935195,1
81774,2.9651523,1
81857,2.972224029,1
81897,2.927169221,1
81986,2.942309991,1
82030,2.890609541,1
82072,2.954976787,1
82076,2.935718942,1
82077,2.963061806,1
82080,2.890915792,1
82116,2.982708456,1
82118,2.984364873,1
82143,2.944206082,1
82157,2.953968823,1
82169,2.894316507,1
82208,2.979799074,1
82269,2.97703616,1
82290,2.946067554,1
82337,2.979981493,1
82399,2.911065758,1
82403,2.915518378,1
82411,2.98193484,1
82420,2.897613362,1
82599,2.936436634,1
82609,2.914447832,1
82614,2.915439818,1
82628,2.947308535,1
82634,2.976112082,1
82648,2.974022919,1
82665,2.922921656,1
82760,2.979552742,1
82782,2.950143352,1
82796,2.92964852,1
82802,2.931002681,1
82857,2.923673968,1
82865,2.972578215,1
82881,2.94223942,1
82886,2.953369636,1
82896,2.967522415,1
82932,2.946566876,1
82993,2.927301042,1
83114,2.979925569,1
83158,2.919431729,1
83165,2.928652539,1
83203,2.900541386,1
83274,2.955263065,1
83291,2.946015624,1
83316,2.971173456,1
83354,2.935876062,1
83371,2.931086567,1
83384,2.946970328,1
83392,2.967671546,1
83396,2.925620657,1
83400,2.96742255,1
83450,2.903894165,1
83466,2.911451901,1
83470,2.972449057,1
83491,2.89165612,1
83610,2.94082534,1
83621,2.970359894,1
83676,2.886653581,1
83692,2.962831453,1
83715,2.948506907,1
83737,2.902089949,1
83755,2.916254711,1
83781,2.940134279,1
83784,2.908173686,1
83859,2.889734729,0
83904,2.899426899,0
83917,2.968541031,0
83923,2.945060921,0
84108,2.929423492,0
84362,2.948416364,0
84397,2.967826002,0
84686,2.946540245,0
85055,2.947805194,0
85112,2.926937535,0
85123,2.973721995,0
85136,2.955683827,0
85144,2.90907646,0
85240,2.931494014,0
85281,2.971787289,0
85318,2.919000315,0
85386,2.974572839,0
85449,2.906265611,0
85532,2.913935195,1
85584,2.9651523,1
85667,2.972224029,1
85707,2.927169221,1
85796,2.942309991,1
85840,2.890609541,1
85882,2.954976787,1
85886,2.935718942,1
85887,2.963061806,1
85890,2.890915792,1
85926,2.982708456,1
85928,2.984364873,1
85953,2.944206082,1
85967,2.953968823,1
85979,2.894316507,1
86018,2.979799074,1
86079,2.97703616,1
86100,2.946067554,1
86147,2.979981493,1
86209,2.911065758,1
86213,2.915518378,1
86221,2.98193484,1
86230,2.897613362,1
86409,2.936436634,1
86419,2.914447832,1
86424,2.915439818,1
86438,2.947308535,1
86444,2.976112082,1
86458,2.974022919,1
86475,2.922921656,1
86570,2.979552742,1
86592,2.950143352,1
86606,2.92964852,1
86612,2.931002681,1
86667,2.923673968,1
86675,2.972578215,1
86691,2.94223942,1
86696,2.953369636,1
86706,2.967522415,1
86742,2.946566876,1
86803,2.927301042,1
86924,2.979925569,1
86968,2.919431729,1
86975,2.928652539,1
87013,2.900541386,1
87084,2.955263065,1
87101,2.946015624,1
87126,2.971173456,1
87164,2.935876062,1
87181,2.931086567,1
87194,2.946970328,1
87202,2.967671546,1
87206,2.925620657,1
87210,2.96742255,1
87260,2.903894165,1
87276,2.911451901,1
87280,2.972449057,1
87301,2.89165612,1
87420,2.94082534,1
87431,2.970359894,1
87486,2.886653581,1
87502,2.962831453,1
87525,2.948506907,1
87547,2.902089949,1
87565,2.916254711,1
87591,2.940134279,1
87594,2.908173686,1
87669,2.889734729,0
87714,2.899426899,0
87727,2.968541031,0
87733,2.945060921,0
87918,2.929423492,0
88172,2.948416364,0
88207,2.967826002,0
88496,2.946540245,0
88865,2.947805194,0
88922,2.926937535,0
88933,2.973721995,0
88946,2.955683827,0
88954,2.90907646,0
89050,2.931494014,0
89091,2.971787289,0
89128,2.919000315,0
89196,2.974572839,0
89259,2.906265611,0
89342,2.913935195,1
89394,2.9651523,1
89477,2.972224029,1
89517,2.927169221,1
89606,2.942309991,1
89642,2.884761484,1
89650,2.890609541,1
89692,2.954976787,1
89696,2.935718942,1
89697,2.963061806,1
89700,2.890915792,1
89736,2.982708456,1
89738,2.984364873,1
89763,2.944206082,1
89777,2.953968823,1
89789,2.894316507,1
89828,2.979799074,1
89889,2.97703616,1
89910,2.946067554,1
89957,2.979981493,1
90019,2.911065758,1
90023,2.915518378,1
90031,2.98193484,1
90040,2.897613362,1
90219,2.936436634,1
90229,2.914447832,1
90234,2.915439818,1
90248,2.947308535,1
90254,2.976112082,1
90268,2.974022919,1
90285,2.922921656,1
90380,2.979552742,1
90402,2.950143352,1
90416,2.92964852,1
90422,2.931002681,1
90477,2.923673968,1
90485,2.972578215,1
90501,2.94223942,1
90506,2.953369636,1
90516,2.967522415,1
90552,2.946566876,1
90613,2.927301042,1
90734,2.979925569,1
90778,2.919431729,1
90785,2.928652539,1
90823,2.900541386,1
90894,2.955263065,1
90911,2.946015624,1
90936,2.971173456,1
90974,2.935876062,1
90991,2.931086567,1
91004,2.946970328,1
91012,2.967671546,1
91016,2.925620657,1
91020,2.96742255,1
91070,2.903894165,1
91086,2.911451901,1
91090,2.972449057,1
91111,2.89165612,1
91230,2.94082534,1
91241,2.970359894,1
91296,2.886653581,1
91312,2.962831453,1
91335,2.948506907,1
91357,2.902089949,1
91375,2.916254711,1
91401,2.940134279,1
91404,2.908173686,1
91479,2.889734729,0
91524,2.899426899,0
91537,2.968541031,0
91543,2.945060921,0
91728,2.929423492,0
91982,2.948416364,0
92017,2.967826002,0
92306,2.946540245,0
92675,2.947805194,0
92732,2.926937535,0
92743,2.973721995,0
92756,2.955683827,0
92764,2.90907646,0
92860,2.931494014,0
92901,2.971787289,0
92938,2.919000315,0
93006,2.974572839,0
93069,2.906265611,0
93152,2.913935195,1
93204,2.9651523,1
93287,2.972224029,1
93327,2.927169221,1
93416,2.942309991,1
93452,2.884761484,1
93460,2.890609541,1
93502,2.954976787,1
93506,2.935718942,1
93507,2.963061806,1
93510,2.890915792,1
93546,2.982708456,1
93548,2.984364873,1
93573,2.944206082,1
93587,2.953968823,1
93599,2.894316507,1
93638,2.979799074,1
93699,2.97703616,1
93720,2.946067554,1
93767,2.979981493,1
93829,2.911065758,1
93833,2.915518378,1
93841,2.98193484,1
93850,2.897613362,1
94029,2.936436634,1
94039,2.914447832,1
94044,2.915439818,1
94058,2.947308535,1
94064,2.976112082,1
94078,2.974022919,1
94095,2.922921656,1
94190,2.979552742,1
94212,2.950143352,1
94226,2.92964852,1
94232,2.931002681,1
94287,2.923673968,1
94295,2.972578215,1
94311,2.94223942,1
94316,2.953369636,1
94326,2.967522415,1
94362,2.946566876,1
94423,2.927301042,1
94544,2.979925569,1
94588,2.919431729,1
94595,2.928652539,1
94633,2.900541386,1
94704,2.955263065,1
94721,2.946015624,1
94746,2.971173456,1
94784,2.935876062,1
94801,2.931086567,1
94814,2.946970328,1
94822,2.967671546,1
94826,2.925620657,1
94830,2.96742255,1
94880,2.903894165,1
94896,2.911451901,1
94900,2.972449057,1
94921,2.89165612,1
95040,2.94082534,1
95051,2.970359894,1
95106,2.886653581,1
95122,2.962831453,1
95145,2.948506907,1
95167,2.902089949,1
95185,2.916254711,1
95211,2.940134279,1
95214,2.908173686,1
