0,3.121396756,3.149036151,1.02438567,2.35443211,0,0
1,3.446538224,3.064064941,1.105289978,1.871279491,0,0
2,3.207369465,1.222931198,2.12217383,2.617847883,0,0
3,3.063354625,3.295005341,0.745060474,0.856388169,0,?
4,1.963241652,0.913357927,2.736461885,2.096551762,0,0
5,3.384098961,3.320392769,0.756800531,1.061955661,0,0
6,3.110702933,2.185813289,1.844839339,2.835723722,0,0
7,2.583398962,0.512134338,3.639425418,2.280577265,0,0
8,2.974215981,2.653674616,1.500913666,2.27565107,0,?
9,2.387603505,3.236120139,1.148630743,2.217184039,0,0
10,2.278238059,3.168085241,1.16215733,2.183333704,0,0
11,3.250953829,1.211293874,2.231314599,2.977893229,0,0
12,2.515542434,2.978037342,1.711443519,1.086562837,0,?
13,1.292753019,3.519948174,2.266488368,1.169665601,0,?
14,3.044851497,3.159259276,0.98164815,2.294732341,0,0
15,3.492479451,1.09493767,2.48537315,3.270223623,0,0
16,2.787320318,2.194622215,1.761939686,2.846185342,0,0
17,2.130089915,2.157597463,2.683585224,2.853567495,0,?
18,2.356753233,0.841080431,3.611397772,1.563570801,0,?
19,3.691511196,3.551333168,0.665757084,0.615123614,0,?
20,3.883015053,3.016834103,1.06793525,2.33535084,0,0
21,1.963227581,0.913357927,2.736461885,2.096551762,0,0
22,3.232063754,3.403949779,0.788610054,0.655151922,0,?
23,2.176625634,3.186418712,1.285219116,1.777134435,0,?
24,3.407104752,3.357059711,0.590003552,0.783137795,0,?
25,2.095669172,0.735662971,3.61000567,1.200460268,0,?
26,2.249568763,1.034996079,2.969847726,2.264575461,0,0
27,1.712999158,3.102146083,2.177440265,0.786850289,0,?
28,4.0,3.345422387,0.652230496,1.031827339,0,0
29,3.567793513,1.100236657,2.469271175,3.086217159,0,0
30,1.760146957,1.642135561,2.81418756,2.640617851,0,?
31,2.370999938,2.29051513,2.443238874,2.800026659,0,?
32,3.358947371,2.970284806,1.121809584,2.109478859,0,0
33,1.507927513,3.275973289,2.077232148,0.25263183,0,?
34,1.278893261,1.810314491,3.569634722,2.856646961,0,0
35,2.705428147,2.77003082,1.488389391,2.238107278,0,?
36,2.793019,2.698094096,1.567511809,2.237493289,0,?
37,3.123964681,1.811019886,2.053380807,2.93665598,0,0
38,3.454277175,2.216482665,1.18721516,2.708318522,0,0
39,3.071761939,3.325333946,0.80471203,0.930876043,0,?
40,3.314694643,3.158560696,0.974478826,2.283037983,0,0
41,1.774889658,3.243531905,0.816243272,0.0,0,0
42,1.845000367,3.25586781,1.580036083,1.632489932,0,?
43,2.186675717,2.66742472,2.214818195,2.598768993,0,0
44,2.852116443,2.851117242,1.491570344,2.797561181,0,0
45,1.570616532,3.302417107,0.797148278,0.0,0,0
46,2.580619975,2.801398776,1.787981267,1.513690104,0,?
47,1.570616532,3.302417107,0.797148278,0.0,0,0
48,3.222917721,2.705846632,1.106496466,2.242414724,0,0
49,2.422534315,2.232345548,2.342845143,2.608616147,0,?
50,3.368445174,0.840381851,2.472844235,2.292266864,0,0
51,3.698441075,2.35117234,1.314430049,3.048045098,0,?
52,2.953813293,2.664954131,1.556379636,1.855905956,0,?
53,2.744087724,2.720312355,1.40647117,1.978370683,0,?
54,3.580386897,2.608897328,1.100928059,2.326117199,0,0
55,3.545245025,1.809256397,2.055561766,3.132385361,0,?
56,2.749188396,2.827144014,1.53192505,2.750788509,0,0
57,3.890155994,2.526038898,1.156380108,2.776023953,0,0
58,2.951175014,0.972243128,2.736067456,3.038206988,0,0
59,1.572027132,3.608088552,1.588386373,0.0,0,?
60,2.863337922,1.748614522,2.740847005,2.451056923,0,0
61,2.02213155,2.614179276,2.088368961,2.342737752,0,0
62,3.345474561,3.597166846,0.725779866,0.498798782,0,?
63,2.478465824,1.482070385,2.034285812,2.443056021,0,0
64,3.747724121,2.201318362,1.408072087,3.312108178,0,?
65,2.739760947,2.115290763,2.161523903,2.662778588,0,0
66,3.467468568,0.977882886,2.315791968,2.719398891,0,0
67,2.699940527,3.296777349,0.961369869,1.246580875,0,?
68,2.199511822,2.998841402,1.61025397,1.30074522,0,?
69,1.890783965,3.203337984,1.458767789,1.409073909,0,?
70,3.237938321,1.271235465,2.227741538,2.796947192,0,0
71,3.3028048,1.756370466,1.929321348,3.437047901,0,?
72,3.507113103,3.378920161,0.759584735,0.730829697,0,?
73,3.312689551,1.084714545,2.520964549,3.08497966,0,0
74,3.397642125,3.530886918,0.61366928,0.460055569,0,?
75,2.658818556,2.275010057,1.809254901,2.766790312,0,0
76,3.181866104,3.033037756,1.084617268,1.676183139,0,0
77,1.864723048,2.719255965,2.089366634,2.223952203,0,0
78,1.934786936,2.974868174,1.905075577,2.151330096,0,?
79,2.245523403,2.347986133,2.464097197,2.968659588,0,?
80,2.833542961,3.220615066,0.894572191,2.080559477,0,0
81,3.419205657,2.062760938,1.897920175,2.962505414,0,0
82,3.61278496,3.137398827,0.994177065,1.957476001,0,0
83,2.503969185,2.997427203,1.62039311,1.156719466,0,?
84,2.988919988,2.802114395,1.528546884,2.980967936,0,0
85,3.264919118,2.128342287,1.8629297,2.908345829,0,0
86,1.449466774,1.99682178,3.423719267,3.05361384,0,?
87,2.15558624,2.833482351,1.871080455,2.485526007,0,0
88,3.296613639,1.196129572,2.156164312,2.88803658,0,0
89,3.185102393,1.811372584,2.163913678,3.054803742,0,0
90,2.368256128,2.973811784,1.028956404,2.074990735,0,0
91,3.276738606,2.283120403,1.844043521,2.755095954,0,0
92,3.362289191,3.070778127,1.030162892,1.884844375,0,0
93,2.708769966,0.596049157,3.523324141,2.665239305,0,0
94,2.998347437,1.97637553,2.166697881,2.859107679,0,0
95,1.620631261,0.887629728,3.612372243,1.277375542,0,?
96,2.886660305,1.855793767,1.825556411,2.992662294,0,?
97,2.607811835,0.500139204,3.567059334,2.528606176,0,0
98,3.191188022,3.534413896,0.745060474,0.17386031,0,0
99,0.882905216,3.615500318,2.264910652,0.0,0,?
100,3.031800811,0.788908415,2.532681405,2.023301387,0,0
101,3.451392657,1.259938912,2.288553179,3.336715354,0,?
102,3.645992094,1.587486141,1.821579641,3.099734447,0,?
103,3.022232654,0.886215529,2.599687897,2.454136389,0,?
104,3.32581059,1.71124048,1.898713673,3.030206086,0,?
105,3.094029012,1.883651784,2.139064663,3.592734696,0,?
106,2.66128095,3.489636607,0.856985447,0.298181284,0,0
107,1.193694448,3.016118484,1.289581035,1.692175423,0,?
108,2.940023889,3.29817451,0.688819568,0.661910566,0,?
109,2.873293027,3.517835394,0.899931783,0.605271225,0,?
110,3.251762901,0.911245148,2.54124283,2.515064138,0,?
111,2.381412345,2.642735872,1.697726213,2.55445561,0,0
112,2.98543746,3.31616721,0.931555692,1.332158636,0,0
113,3.331474095,2.833840161,1.378652339,2.929273828,0,0
114,2.474244578,2.851117242,1.38004444,1.817115146,0,?
115,2.738494573,2.168876978,1.485008905,2.508909964,0,0
116,3.218239173,2.936088452,1.252411921,2.633849687,0,0
117,2.588956936,2.830313182,1.636098337,2.800640648,0,0
118,2.866468679,1.793037409,2.207045627,3.455467586,0,?
119,2.174465763,1.025488572,2.752958289,2.426440227,0,0
120,3.06602808,3.493504356,0.885221909,0.611458716,0,?
121,3.279587947,3.444859319,0.707705747,0.302464932,0,0
122,1.33482477,3.226612633,2.080016352,0.128310856,0,?
123,1.317130714,2.00000799,3.333859106,2.991434315,0,?
124,1.524787872,3.374336793,1.949599629,0.079667657,0,?
125,2.900625594,2.899421509,1.393756641,2.72001288,0,0
126,1.023226466,3.879222872,2.447995221,0.0,0,?
127,3.177750389,1.180965269,2.199110648,2.492294171,0,0
128,3.489805995,1.895629879,1.688581497,3.475791115,0,?
129,3.066766798,1.861791334,2.080016352,3.204398238,0,0
130,2.997608719,0.932747788,2.531498118,2.425207489,0,0
131,3.652077724,3.14975177,1.004896247,1.849147312,0,?
132,2.555855333,2.718898156,1.763728536,2.83818444,0,0
133,2.000058,2.616309094,2.147417273,2.37474136,0,0
134,1.481548243,3.27386051,1.87525676,0.028597058,0,?
135,3.310965876,3.584115323,0.83731041,0.624357255,0,?
136,3.760352682,3.285480796,0.52916871,0.701320124,0,?
137,3.617533861,3.070062508,1.066543149,2.074990735,0,0
138,3.691335311,3.468116929,0.720420275,0.530212199,0,?
139,1.774889658,3.243531905,0.816243272,0.0,0,0
140,2.583012015,1.83323133,2.731682336,3.154517541,0,0
141,2.456585699,1.613224563,2.647993825,2.095323783,0,0
142,3.315574069,2.240455894,1.345241899,2.854800233,0,0
143,3.227490737,1.119268708,2.478018213,2.965584881,0,0
144,3.201072773,3.40253558,0.781046302,0.557294371,0,?
145,2.030169506,1.11644031,2.392543172,2.098408009,0,0
146,3.204696009,1.806083821,1.931711122,3.376696066,0,?
147,2.462882391,1.642488259,2.878201034,3.182218462,0,0
148,3.123542556,1.839930885,1.835496017,2.868955309,0,?
149,2.810959295,2.933617863,1.692358733,1.362905707,0,?
150,3.446116099,3.074288067,1.115034689,1.811594001,0,0
151,1.228343841,3.703640696,2.29651136,0.985040387,0,?
152,3.630584547,1.708773299,1.722775226,3.1428565,0,?
153,3.064234051,3.565781852,0.70035081,0.143065643,0,0
154,2.528382057,3.063724171,1.670291834,1.492176674,0,?
155,2.721926183,1.502869333,2.914790106,2.493526909,0,0
156,2.699623934,0.892911676,3.055531583,2.669546751,0,0
157,3.236179468,1.029714131,2.344631673,2.576612063,0,0
158,2.643622071,0.908075979,2.523934366,2.27565107,0,0
159,2.324636587,2.39417762,2.170874186,2.72001288,0,?
160,3.622177232,2.336348809,1.343849797,2.977893229,0,?
161,3.096174812,3.140585034,0.914850472,1.995600465,0,0
162,1.908442844,3.013307124,1.738083704,0.764099361,0,?
163,2.691955337,3.267147325,0.896961966,0.971475503,0,0
164,3.565858776,1.944990535,1.675659358,3.347805242,0,?
165,3.322292885,1.11574173,2.275235406,2.67077949,0,0
166,2.240211668,3.146224791,1.452405884,1.705121558,0,?
167,2.207461835,2.848288844,1.210254442,1.276138044,0,?
168,1.213182533,3.696944549,2.15038709,0.057535478,0,?
169,1.888719073,2.741814995,1.31621658,1.38936913,0,?
170,2.048144978,1.668233496,1.963915074,2.299644257,0,0
171,3.273924443,1.253600574,2.204864668,3.058516237,0,0
172,1.251103392,1.854038797,3.724297215,3.019130477,0,?
173,1.45368802,3.500200503,2.161523903,0.0,0,?
174,2.508718086,2.093430314,2.254168268,2.746481063,0,0
175,3.107818415,1.025488572,2.473656295,2.507681985,0,?
176,1.914546062,3.228026832,0.811463723,0.0,0,0
177,3.134271556,2.641338712,1.277655364,2.454136389,0,0
178,1.80118802,1.369598969,3.608799182,2.734786705,0,0
179,2.689035642,3.341895409,0.971300194,1.223829946,0,?
180,2.425242948,2.18615406,1.728740382,2.497215606,0,?
181,1.805975617,1.403437513,3.538822872,2.553840192,0,0
182,1.602690966,3.140585034,2.103078836,0.506794925,0,?
183,2.882368705,2.935032062,1.449025397,2.146403901,0,?
184,1.229750923,3.707866254,2.393726458,0.236020797,0,?
185,1.406410066,3.52630355,2.123751545,0.509269921,0,?
186,2.99366889,0.912301537,2.55794805,2.495373637,0,?
187,2.491657217,2.757337107,1.66730972,2.590767615,0,0
188,3.453081155,1.05438594,2.341244226,2.699089641,0,0
189,2.810044692,0.814994423,3.221145276,2.291652874,0,0
190,2.174465763,1.025488572,2.752958289,2.426440227,0,0
191,3.242652046,3.405006169,0.721417948,0.375096557,0,0
192,2.360235761,1.658001851,2.645209621,2.84864606,0,?
193,3.545491264,2.195320796,1.834899733,2.951429805,0,?
194,1.023930007,3.781557949,1.839073718,0.0,0,?
195,1.193694448,3.016118484,1.289581035,1.692175423,0,?
196,3.305654141,2.908946054,1.231344782,2.15748427,0,0
197,2.52131147,2.70867503,1.730726447,1.609739004,0,?
198,3.262069777,1.299076443,2.247602188,3.110205585,0,0
199,3.918016217,2.673422287,1.022204711,2.42397951,0,0
200,1.112329932,3.517136814,2.223356418,0.939490934,0,?
201,3.255421315,1.060042736,2.501080697,2.694782195,0,?
202,1.57062005,3.302417107,0.797148278,0.0,0,0
203,3.316312787,3.420869051,0.781255117,0.517884813,0,?
204,2.140421414,2.957233282,1.826549444,2.126708641,0,0
205,3.538631739,2.052878584,1.614627489,3.306539436,0,?
206,3.714024508,2.570117606,1.005105062,2.316274329,0,0
207,2.748133085,3.251642251,0.842484388,1.921778937,0,0
208,2.588218218,2.968172026,1.56492714,1.688510525,0,?
209,2.611505425,1.546588528,2.944209854,2.222724224,0,0
210,3.356484978,3.236835758,0.606894385,0.508032423,0,?
211,3.084109084,3.408533147,0.68364559,0.197848737,0,0
212,2.766952806,3.036922544,0.811278109,1.945148615,0,0
213,2.086934711,2.068758505,2.814581989,2.8289508,0,?
214,3.323524082,1.799384266,1.868894856,2.925580371,0,?
215,3.990375408,2.178043714,1.367909954,3.259752485,0,?
216,2.312957806,2.234117556,1.730529232,2.510142703,0,?
217,2.314013118,1.84839904,2.988153863,2.370433914,0,0
218,1.788555942,2.972056814,1.955562464,0.842252132,0,?
219,1.390123092,3.42194248,0.990580802,0.0,0,?
220,1.064348437,3.809058156,2.358738304,0.889039084,0,?
221,2.698568622,2.774256379,1.500117848,2.675700925,0,0
222,2.233914976,1.781403492,3.065276294,2.289806146,0,0
223,3.481891159,3.467060539,0.61188275,0.565290513,0,?
224,1.720653684,2.37373137,2.398297192,2.390129174,0,?
225,2.324495879,2.220009643,2.684188468,2.941582175,0,?
226,2.048144978,1.668233496,1.963915074,2.299644257,0,0
227,0.915971643,3.399724221,1.366912281,0.0,0,?
228,2.94561704,1.137959989,2.122568259,2.388896435,0,0
229,3.780192538,1.936181609,1.685400545,3.485024755,0,?
230,1.37643922,1.936897228,3.318545988,3.057897488,0,?
231,1.025653683,3.710336843,2.39115107,0.0,0,?
232,2.642285343,1.66681623,2.774443058,2.435055119,0,0
233,2.012408614,1.564569302,3.389125541,2.740940879,0,0
234,2.807617475,2.161482251,1.794343172,2.809874289,0,0
235,2.567358228,2.018341459,2.180618897,2.527375341,0,0
236,1.38048458,3.290779783,2.242033782,0.059391725,0,?
237,3.215987842,1.30577259,2.285977791,3.092975803,0,0
238,3.254295649,1.826533479,1.947024241,3.37117492,0,0
239,2.689985422,3.292534752,0.938307385,1.135206036,0,0
240,2.997854959,2.853587831,1.433129916,2.678780392,0,0
241,1.357373259,1.939350778,3.42471694,2.940349437,0,0
242,2.424539407,2.277122836,1.999715288,2.393817871,0,0
243,2.823376793,2.840894117,1.428141552,2.603076914,0,0
244,2.701769734,3.271032112,0.922205409,1.874991986,0,0
245,3.329574535,1.194357563,2.142452111,2.88803658,0,0
246,2.426861092,1.754606977,2.776624017,3.150233893,0,?
247,2.571966421,1.503222031,2.884975929,2.427668206,0,0
248,1.981027168,1.793398626,1.851410059,2.355664849,0,?
249,2.20394413,3.113084827,1.287794504,1.57646934,0,?
250,3.4546993,0.913357927,2.412821453,2.569226626,0,0
251,2.049555578,3.395140853,1.28322377,0.476666603,0,?
252,2.049129936,3.238948537,1.464730624,1.676183139,0,?
253,3.707164983,2.22740437,1.357376385,3.122532971,0,?
254,3.25809477,3.488222408,0.715455112,0.156630527,0,0
255,3.304634007,1.045577014,2.563910885,3.342855249,0,0
256,2.935591581,1.175325512,2.191546895,2.673240207,0,0
257,2.622515841,2.693868537,1.798716691,2.971739055,0,?
258,3.164453465,1.807845606,1.898117389,3.0468076,0,?
259,2.914309466,2.063459518,2.166094637,2.734167956,0,0
260,3.174689986,2.900477899,1.285613545,2.116247022,0,0
261,2.957506883,2.165009229,1.814224704,2.9471176,0,0
262,2.484621808,2.968529836,1.448628648,1.393081625,0,?
263,3.60205596,2.900120089,0.913643984,2.014686496,0,0
264,2.720870871,2.799643807,1.491767558,2.134709543,0,?
265,2.408146902,2.474207653,1.994935739,2.606154477,0,0
266,1.841760174,3.333444292,1.711443519,1.799266615,0,?
267,3.201600429,3.341196829,0.712670909,0.445253187,0,?
268,2.174465763,1.025488572,2.752958289,2.426440227,0,0
269,3.583130707,2.083207189,1.63490577,3.340380253,0,?
270,3.198821442,3.37997655,0.685037691,0.227405905,0,0
271,3.743995354,3.375393183,0.792183115,0.965954357,0,0
272,3.397747656,1.660469884,2.149412619,3.105921938,0,0
273,2.795305508,2.830670992,1.582221683,2.780945388,0,0
274,3.703225154,1.696079585,1.703889047,3.111443084,0,?
275,3.054419654,2.739702216,1.222992172,2.395050609,0,0
276,3.272798777,1.644251748,1.781023079,2.811102268,0,?
277,2.327169334,0.858715322,3.628891849,1.670661993,0,?
278,2.162491495,2.997427203,1.038306687,1.646054817,0,?
279,2.525110591,2.993917264,1.636694621,1.102602718,0,?
280,1.921215631,1.593832998,3.468452134,3.000049206,0,?
281,3.278427105,1.172156343,2.185978489,2.805562083,0,0
282,2.859468446,0.980711284,2.516997059,2.412285152,0,0
283,1.960800365,1.519439315,3.55234946,2.896651471,0,0
284,1.390123092,3.42194248,0.990580802,0.0,0,?
285,2.47171183,0.576301487,3.566664905,2.139635738,0,0
286,2.31946556,0.918997684,3.552743889,1.741437371,0,?
287,2.162632203,3.469531128,1.346842816,0.647774529,0,?
288,2.002643465,2.174874545,2.678620061,2.90773184,0,?
289,2.987935031,2.733363878,1.704088582,1.878656884,0,?
290,2.750701009,2.271125269,1.818199154,2.373508621,0,?
291,1.068147558,3.710694652,1.693948977,0.0,0,?
292,3.301960551,2.715030407,1.112064873,2.473831649,0,0
293,2.52774887,1.672457473,2.793120422,2.405512229,0,0
294,2.729243009,1.86990168,2.586370125,2.627081524,0,0
295,2.602464923,2.708317221,1.541667442,1.505693962,0,?
296,1.865709413,2.874034081,1.199140831,1.067524403,0,?
297,2.294384324,3.041505912,1.630133181,1.525398741,0,?
298,2.249498409,1.814545161,2.941425651,2.29596032,0,0
299,2.653964123,3.21250472,0.923597511,1.94886111,0,0
300,1.963227581,0.913357927,2.736461885,2.096551762,0,0
301,2.892851466,2.837367139,1.613035853,2.906499101,0,0
302,2.44012284,3.163144064,1.382434215,1.907595304,0,?
303,1.172834457,3.664162394,2.266302754,1.007791316,0,?
304,2.68214094,3.456837414,0.977657458,1.04348838,0,?
305,2.209185511,3.336613461,1.358165243,1.717448944,0,?
306,1.943989253,3.243174096,0.913249555,0.261246722,0,?
307,2.411383191,0.856943314,3.652348762,1.558002059,0,?
308,3.471197336,3.406778177,0.696963362,0.461293067,0,?
309,3.34167544,2.9836771,1.033132709,2.054714803,0,0
310,3.262069777,1.212350264,2.254771512,2.741554868,0,0
311,3.616724789,0.825575358,2.488366169,2.454136389,0,?
312,2.406810174,2.063459518,2.427531327,2.654777686,0,?
313,2.595781284,2.557423892,1.258769185,2.007309102,0,?
314,2.262900865,3.101089693,1.198537587,2.13717502,0,0
315,1.963227581,0.913357927,2.736461885,2.096551762,0,0
316,3.86493405,2.572230385,1.151414946,2.603076914,0,0
317,2.787285141,2.636397535,1.845038874,1.858380952,0,?
318,2.403186938,0.870352647,3.512976185,1.830061282,0,?
319,2.885112515,2.055706982,1.987975231,2.549531795,0,0
320,2.030169506,1.11644031,2.392543172,2.098408009,0,0
321,3.161357884,3.306642665,0.770118304,0.97333175,0,0
322,1.237313989,2.016211641,3.476595928,3.012357554,0,?
323,3.213701334,3.38103294,0.763946653,0.624357255,0,?
324,3.087661966,1.891046511,2.122962687,3.423483017,0,0
325,3.414527109,2.098013682,1.915005903,3.028359358,0,0
326,1.790761543,0.57136031,3.614762017,1.842959821,0,?
327,3.330629846,3.284424406,0.532161729,0.074765261,0,0
328,3.083968376,2.83489655,1.519400776,2.343965731,0,?
329,2.44501245,2.168178398,2.349596836,2.619694612,0,0
330,2.220547697,2.090618954,2.260131103,2.486139997,0,?
331,2.565775261,1.884350364,2.654165475,2.997588489,0,0
332,3.099516631,1.895289108,1.975260702,3.355182635,0,0
333,2.90305281,2.662841352,1.158189841,2.250415626,0,?
334,3.229671714,1.91290696,2.095120654,2.994509022,0,0
335,3.066907507,0.978581466,2.67066188,3.30101829,0,0
336,3.242546514,2.340591405,1.839470467,2.727399792,0,0
337,2.205914045,2.069457085,2.820359211,2.961891425,0,?
338,2.186580739,2.629343578,2.189365936,2.507681985,0,0
339,2.487822919,2.823617035,1.678044982,2.755095954,0,0
340,3.603568573,3.012591506,1.130138992,2.224566192,0,0
341,1.432194843,3.63347598,1.711840268,0.0,0,?
342,3.26607996,1.711945876,1.882412163,3.129910365,0,?
343,2.079656579,3.44238873,1.350230263,0.703747525,0,?
344,3.113165327,2.887426375,1.373292747,2.668314012,0,0
345,1.193694448,3.016118484,1.289581035,1.692175423,0,?
346,3.288698803,1.752492494,2.062522274,3.003128673,0,0
347,3.018785303,1.827942566,2.042452809,2.754481965,0,0
348,2.941008847,2.202732561,1.863328769,2.773558476,0,0
349,0.339771573,3.124722151,2.404074414,2.131016087,0,0
350,1.406726659,3.411003736,2.181222141,0.0,0,?
351,2.030169506,1.11644031,2.392543172,2.098408009,0,0
352,1.963227581,0.913357927,2.736461885,2.096551762,0,0
353,2.160050208,2.583152091,2.150201476,2.475059628,0,0
354,3.094732553,3.269277142,0.739515269,0.684090342,0,?
355,1.771227727,3.041148102,2.113032362,0.717931158,0,?
356,2.804451541,3.219916486,0.907495535,2.106399392,0,0
357,2.974884345,3.152920938,1.002112044,2.195028062,0,0
358,2.794285374,3.515364806,0.910070923,0.525880955,0,?
359,1.029839752,3.634890179,2.098716917,0.008892279,0,?
360,2.802868574,0.956738055,2.64820264,2.648004763,0,0
361,3.038097503,2.229176379,1.886785682,2.686781293,0,0
362,2.461334601,2.490786154,2.160131801,2.865261853,0,0
363,2.834140971,1.770825966,1.987186373,3.144665151,0,?
364,3.881467263,2.623005241,1.11682122,2.540300058,0,0
365,3.219294485,1.967907374,2.047209156,3.027745368,0,0
366,3.085269926,2.75133954,1.26294549,2.557532697,0,0
367,2.983432368,2.991088866,1.587987304,1.35800331,0,0
368,3.078093808,2.211541488,1.728341313,2.488600714,0,0
369,2.619490615,1.907267203,1.944448852,2.975432511,0,?
370,2.63982295,3.370111235,0.939096243,1.14196468,0,0
371,3.30829242,1.001856115,2.34006094,2.558764007,0,0
372,2.108814835,3.575664206,1.35498661,0.628688499,0,?
373,2.519482264,3.183948124,1.133132011,2.207336409,0,0
374,1.317834255,1.684444987,3.269242388,2.326117199,0,0
375,2.054392422,3.507970079,1.353594509,0.507413674,0,?
376,2.983748962,3.008008138,0.855593345,1.988841821,0,0
377,1.146627556,3.658164827,2.291546197,0.087092647,0,?
378,2.850779715,3.207563543,0.803111113,0.978852896,0,0
379,3.352017492,2.097655872,1.788380337,2.739094151,0,0
380,2.378563004,1.679156394,3.121934831,2.422746771,0,0
381,3.753598688,3.40113842,0.728169641,0.806555068,0,?
382,2.150657936,2.131869265,2.671265124,2.827718061,0,?
383,3.188268327,3.40113842,0.73691668,0.395420086,0,0
384,2.040114058,3.440275951,1.317608681,0.585614042,0,?
385,2.681753993,2.948782166,1.67943655,1.738343626,0,?
386,0.96965182,3.571779419,2.124749218,0.918548657,0,?
387,3.478267923,1.219046411,2.333680474,3.137906507,0,?
388,1.054991342,3.637360767,2.276627508,1.009028814,0,?
389,3.183519425,3.448386297,0.71048995,0.200323733,0,0
390,1.719805917,3.084869001,1.229952681,0.980709144,0,?
391,2.59546469,2.844421095,1.779633298,1.509406457,0,?
392,2.15253639,2.620534652,2.064703233,2.487367976,0,0
393,3.178207691,3.385275537,0.77390018,0.788706537,0,?
394,1.051614345,3.73713847,1.742654438,0.0,0,?
395,2.29121839,2.427317585,1.366332239,1.733441229,0,?
396,2.790134482,2.20660031,1.754781963,2.845566593,0,0
397,1.707363794,2.691040139,1.9985088,2.014067746,0,0
398,3.392998755,1.733453627,2.149412619,3.138525256,0,0
399,2.892007217,2.630399968,1.73967302,2.017161492,0,?
400,2.306450052,1.646013533,3.181772001,2.208564388,0,0
401,2.625646599,0.677493389,3.478196845,2.161177726,0,0
402,2.538548224,2.854644221,1.80965165,2.883110385,0,0
403,2.933129188,1.232097934,2.193333426,2.714477455,0,0
404,1.981027168,1.793398626,1.851410059,2.355664849,0,?
405,2.054906007,2.937843422,1.962337359,1.158575714,0,0
406,1.899426966,3.026341609,1.924959429,0.977044245,0,?
407,1.825606169,2.728422701,1.93071345,2.028870129,0,?
408,3.332951531,1.865318312,1.843247703,3.024665901,0,?
409,2.073595574,2.882502237,1.756770348,2.370433914,0,0
410,2.530211264,1.751434401,2.753955962,3.08497966,0,0
411,3.256160033,1.750729005,1.991757107,3.337334103,0,0
412,3.17595636,3.33872624,0.769120631,0.885945338,0,?
413,3.070495566,1.646366231,2.262729693,3.733047954,0,?
414,2.5445635,3.250585862,0.858795179,1.676183139,0,0
415,3.184961685,1.013135629,2.614003343,3.020977205,0,0
416,3.377028374,3.565083272,0.727775212,0.542491989,0,?
417,2.25259399,1.908681402,2.899082559,2.359967535,0,0
418,1.405038161,1.943235565,3.301655154,2.76925103,0,0
419,2.535909946,0.800886511,3.674019144,1.886700623,0,0
420,0.973626827,3.744533197,2.330107413,0.78623154,0,?
421,1.442994197,1.893176329,3.462489298,2.865261853,0,?
422,3.548868261,3.378562351,0.672508777,0.507413674,0,?
423,1.804522805,3.17300938,1.895135972,0.555438124,0,?
424,2.530879628,2.762261245,1.697129929,2.843724624,0,0
425,2.460208935,0.853075565,3.581560393,1.58389433,0,0
426,1.311959688,3.519590364,2.321360374,0.616979862,0,?
427,1.390123092,3.42194248,0.990580802,0.0,0,?
428,3.052097969,1.647424324,1.862133882,2.705857804,0,?
429,2.744545026,0.828744527,3.154347598,2.369201175,0,0
430,2.399387817,2.753810128,1.633314134,1.420163797,0,?
431,2.30778678,2.511232405,2.140062336,2.672007469,0,0
432,3.668751645,3.075003685,0.921416552,1.820208892,0,0
433,2.631521166,3.313696622,0.953620503,1.274281796,0,?
434,3.826907659,3.390915294,0.679654898,0.751771975,0,?
435,2.27440376,3.171612219,1.172899715,2.214104573,0,0
436,1.981027168,1.793398626,1.851410059,2.355664849,0,?
437,2.037908457,2.700206875,2.066095335,2.347659187,0,0
438,3.272939485,2.640282322,1.218815867,2.579689626,0,0
439,3.510771516,2.031375944,1.610054435,3.31087068,0,?
440,3.056072975,1.785281465,2.163913678,3.467794972,0,?
441,2.152817807,3.417699883,1.329743167,0.65943557,0,?
442,3.029021824,3.342611028,0.789213298,0.799796424,0,?
443,3.138492802,2.182627082,1.873268375,2.713244717,0,0
444,2.317003167,2.715030407,1.783607748,2.804334104,0,0
445,2.969115309,1.090712112,2.31938823,2.470752183,0,0
446,2.710212225,2.177702943,1.722178943,2.540300058,0,0
447,3.223586085,2.179100104,1.891159201,2.855414223,0,0
448,3.232134108,3.476585084,0.811463723,0.514219914,0,?
449,3.23389296,1.111856942,2.410617292,3.084360911,0,0
450,3.146231753,0.997988365,2.683585224,3.210538133,0,0
451,3.845832912,3.000613411,1.052807746,2.126708641,0,0
452,2.11872421,3.220615066,1.390786825,1.853430959,0,?
453,3.105391199,3.33802766,0.752415411,0.918548657,0,?
454,2.410961066,2.716086796,1.798519477,2.795100464,0,0
455,2.786018767,3.413116515,0.877263728,0.660054319,0,?
456,2.551211962,1.990125633,2.290362911,2.792639746,0,0
457,2.073314157,2.205543921,2.671845166,2.875109483,0,?
458,3.389867997,1.148881694,2.381591972,3.173603571,0,0
459,2.119853394,3.215333118,1.11682122,1.906357806,0,?
460,2.187143571,3.102503892,1.359951773,1.86947084,0,?
461,2.93608406,3.160332704,1.002715288,2.107013381,0,0
462,3.583834248,2.968172026,1.132134338,2.161177726,0,0
463,1.162949707,3.584473133,2.118391954,0.929638544,0,?
464,3.866692902,1.597005575,1.763928071,3.22224677,0,?
465,0.898031347,3.750888573,1.832711814,0.0,0,?
466,2.250975845,2.285590992,2.125538075,2.360586284,0,0
467,2.893660538,3.199112426,1.002320859,2.073182084,0,0
468,3.455262132,2.900835708,0.914850472,1.855905956,0,?
469,1.912431922,2.781310335,2.142846539,2.151944086,0,0
470,2.154365597,3.25586781,1.493755943,1.521115093,0,?
471,1.986581624,2.845835294,1.921386368,2.245494191,0,0
472,3.197660599,2.726309921,1.201507404,2.551378047,0,0
473,2.839734121,2.91811279,1.485804723,1.673136989,0,?
474,2.755590619,3.334500682,0.939096243,1.141345931,0,0
475,3.191645324,1.711945876,2.142846539,3.545947744,0,?
476,1.981027168,1.793398626,1.851410059,2.355664849,0,?
477,3.07485752,2.81233752,1.39633203,2.382742262,0,0
478,1.221941618,1.818070435,3.33007723,2.580305043,0,0
479,2.584806044,2.094486703,2.125352462,2.547685543,0,0
480,2.180663959,1.575146829,3.343998246,2.245494191,0,0
481,2.841563328,3.274201281,0.909282066,2.066994593,0,0
482,1.849931064,3.097920525,1.793547354,0.751153225,0,?
483,2.18789636,2.897649501,1.972662113,1.397984021,0,0
484,3.515942543,2.031733753,1.707466748,3.354563886,0,?
485,3.134025317,2.912813803,1.149233987,2.022682638,0,0
486,3.213419918,2.763317635,1.111461629,2.099012479,0,0
487,3.070741805,3.173724998,0.93591761,2.12794138,0,0
488,2.245453048,3.022116051,1.929321348,1.213358807,0,?
489,2.840719079,2.159710243,1.721383124,2.839412419,0,0
490,2.527080506,2.701978883,1.736095319,1.590034225,0,?
491,2.924968112,1.104820024,2.86608975,2.960658686,0,0
492,1.199780077,3.517835394,2.318181742,1.096415226,0,?
493,2.83533699,3.598581045,0.900929456,0.463720468,0,?
494,2.75140455,0.921468273,3.064487437,2.604307749,0,0
495,1.803017227,3.431109215,0.814456741,0.0,0,0
496,3.034861215,0.974713717,2.688944815,3.076364769,0,0
497,1.830536936,1.399211955,3.642209621,2.92680835,0,0
498,2.048144978,1.668233496,1.963915074,2.299644257,0,0
499,2.15854463,2.79540121,1.80527813,2.356892828,0,0
500,3.206806632,2.303924463,1.839073718,2.734786705,0,0
501,2.3046912,2.111405976,2.142243295,2.476906356,0,?
502,2.552759752,0.502967602,3.5624886,2.452903651,0,0
503,3.581442209,1.71970182,1.723967793,2.727399792,0,?
504,2.842829702,2.754150899,1.505087651,2.287959418,0,?
505,2.749716052,3.143396393,0.981044906,1.944529866,0,0
506,2.583680379,3.087697399,1.681027026,1.009647563,0,?
507,3.466061486,2.631115587,1.183038855,2.659085132,0,0
508,3.627981445,1.611462777,1.779433763,3.042514433,0,?
509,1.743617261,3.21425969,1.553395898,1.577706839,0,?
510,3.105707792,2.081452219,2.114424464,2.915732741,0,0
511,3.234561324,2.098712262,2.028740607,2.996974499,0,0
512,2.784822747,3.504783871,0.887008439,0.583139045,0,?
513,3.936026867,2.723123714,1.074686943,2.393203881,0,0
514,2.556347811,1.987314274,2.403679985,2.771097758,0,0
515,3.915202054,2.684701802,1.013457672,2.277497798,0,0
516,1.003773558,3.820337671,2.359341548,0.0,0,?
517,2.467244345,2.41673665,2.171871859,2.926194361,0,0
518,3.339142692,1.249017206,2.048810073,2.90773184,0,0
519,3.066977861,2.843006896,1.430531327,2.219030768,0,0
520,2.969431903,2.652618227,1.63271785,2.42397951,0,?
521,2.133611138,3.2326102,1.17707602,0.57699915,0,?
522,2.033353029,1.836756604,2.609432609,2.068232091,0,0
523,2.597364251,1.32482168,2.269086957,2.537837913,0,0
524,1.963899463,2.451648623,2.15298568,2.476906356,0,0
525,2.295791406,3.174781388,1.320207271,1.712498951,0,?
526,2.624520933,2.942784599,1.367515525,0.995511526,0,?
527,2.738389042,2.955120503,1.578444447,1.306932711,0,?
528,3.122381714,1.921375116,1.988972904,3.485024755,0,?
529,1.358991403,3.802719818,1.8360923,0.0,0,?
530,3.860501742,2.666010521,1.116635606,2.450442933,0,0
531,3.028775585,3.437089743,0.810280437,0.806555068,0,?
532,2.73483616,2.053594202,2.307648173,2.945275631,0,0
533,1.863361345,2.819732248,1.924170572,2.123015185,0,?
534,3.545702326,2.994615844,1.107494139,1.985748076,0,0
535,2.532532949,0.859073132,3.654135292,1.678658135,0,0
536,2.820386744,1.785281465,2.638457928,2.431980412,0,0
537,1.809968212,1.541652463,3.475598256,2.872648765,0,?
538,2.101585952,1.663290444,2.991332495,1.924206338,0,?
539,3.341569909,1.924902094,1.563535039,3.020977205,0,?
540,3.246486344,1.729573951,2.199296261,3.59644719,0,?
541,3.137261606,2.405457135,1.805477665,2.728013782,0,0
542,2.840543194,3.521362373,0.945662322,0.673619203,0,?
543,1.347312623,3.658164827,1.662339685,0.0,0,?
544,3.340971899,1.876597827,1.830326679,3.017897738,0,?
545,3.291020489,0.853433374,2.45277477,2.332890122,0,0
546,2.35773819,3.17019802,1.15777221,2.256574559,0,0
547,3.066203966,1.005025283,2.597901367,2.739094151,0,?
548,2.499360991,2.719613774,1.911827271,1.59617412,0,?
549,3.088752454,1.7944482,2.128322279,3.489355999,0,?
550,3.24462196,1.84909762,1.851997062,3.043761451,0,?
551,3.090581661,3.267505134,0.833134105,1.974087035,0,0
552,3.145246796,3.357059711,0.729376129,0.488946393,0,?
553,2.926375194,0.920769693,2.562913212,2.178407509,0,0
554,2.778314993,0.852019175,3.150171293,2.568611161,0,0
555,2.652732927,2.308507831,1.822175924,2.377816067,0,?
556,2.39875463,3.02317244,1.662538524,1.534632382,0,?
557,3.268753416,1.760248439,1.914217045,3.093594552,0,?
558,3.389797643,0.841080431,2.45674226,2.553224775,0,?
559,2.556769936,1.629443551,2.875416831,3.079458514,0,0
560,3.270195675,3.576362787,0.664550595,0.311079823,0,0
561,1.728776064,1.561749423,3.454345504,2.911425296,0,?
562,0.98192861,3.84149954,1.888574533,0.0,0,?
563,3.296543285,3.534056087,0.772508078,0.577570303,0,?
564,2.557754893,1.812781672,2.751566187,3.243141451,0,0
565,2.399739587,3.020701852,1.743053507,1.522304996,0,?
566,2.776626495,2.965002858,1.609458152,1.77342194,0,?
567,3.613805094,3.048559868,0.967727133,1.750671012,0,?
568,3.375339876,2.239757313,1.869688354,2.876342221,0,0
569,2.488983762,0.518131904,3.621722526,2.309501406,0,0
570,3.232767295,1.830764149,1.857959897,2.889264559,0,?
571,2.639506356,0.796303143,2.671450738,1.972849537,0,0
572,3.783569535,3.438861752,0.651836067,0.653295675,0,?
573,2.850709361,3.23506375,0.82976986,1.993791814,0,0
574,2.258151963,3.2326102,1.191577078,2.183333704,0,0
575,2.765686432,3.036922544,1.620989394,1.729109985,0,?
576,1.961553153,3.387729087,1.397724131,0.602225075,0,?
577,3.217992934,0.856244734,2.463517154,2.311348134,0,0
578,2.612595913,1.53460021,2.85952367,2.243647463,0,0
579,2.255056383,3.194529058,1.19296918,2.03067878,0,0
580,3.503278805,3.085925391,1.081647452,1.857762203,0,?
581,1.155597703,3.683893026,1.581824934,0.0,0,?
582,3.273924443,1.740856874,2.013613103,2.87818895,0,0
583,2.680346911,0.50719316,3.629471891,2.353813361,0,0
584,1.965496501,2.837367139,1.837484402,2.302114494,0,0
585,3.374038325,0.768802936,2.576022169,2.231953105,0,0
586,2.39112121,3.12894771,1.772872324,1.530348734,0,?
587,2.349612292,3.101089693,1.188607262,1.630633685,0,?
588,1.749625501,3.06759192,0.948632139,1.364143205,0,?
589,2.176720612,3.144810592,1.296355929,1.946386113,0,0
590,3.477951329,1.159820438,2.296905789,3.144046402,0,?
591,2.384507925,0.720498669,3.684158285,1.747577266,0,?
592,2.183808787,2.093788123,2.710011953,2.670160741,0,?
593,0.865492577,1.97462056,3.247780821,2.377202077,0,?
594,3.67775697,2.270784499,1.384823989,3.049282596,0,?
595,2.96732128,2.904703457,1.427167081,1.334014883,0,?
596,2.077823855,2.555311113,1.923358513,2.366740458,0,0
597,3.820294374,3.427582237,0.561975906,0.495133884,0,?
598,2.23613113,2.94067182,1.771083474,1.123497399,0,?
599,3.22960136,1.175683321,2.189157121,2.713858706,0,0
600,2.254001071,2.762976864,2.0354923,2.898498199,0,0
601,2.747288836,2.119175551,2.105259795,2.758789411,0,0
602,2.826437197,3.543222822,0.850442569,0.471097861,0,?
603,3.171312989,2.146317949,1.829134112,2.72986051,0,0
604,0.915971643,3.399724221,1.366912281,0.0,0,?
605,2.222130665,3.098278334,1.350810306,1.781418083,0,?
606,1.345272354,3.69658674,1.772276041,0.0,0,?
607,3.868557286,3.407118948,0.565363353,0.503130026,0,?
608,3.636529468,2.231289158,1.381042113,3.099734447,0,?
609,3.046680703,2.593375216,1.09039449,2.139016989,0,0
610,1.764371721,3.260808987,2.170085328,0.482806498,0,?
611,3.191082491,3.205092954,0.658796575,0.647774529,0,?
612,1.446722964,1.981316707,3.279984772,2.900958917,0,0
613,3.579859241,1.789864832,1.855178014,3.1428565,0,?
614,2.729981727,2.838065719,1.668900196,2.780945388,0,0
615,1.774889658,3.243531905,0.816243272,0.0,0,0
616,3.235511105,2.839837727,1.317423068,2.301500504,0,0
617,1.749632537,3.06759192,0.948632139,1.364143205,0,?
618,2.501436437,2.218953253,1.638683006,2.442442031,0,?
619,2.047768584,2.972397585,2.041246321,1.033017241,0,0
620,3.065465248,0.914414317,2.49769325,2.640617851,0,?
621,3.041720739,1.868129672,2.172266288,3.560131377,0,?
622,3.62136816,1.582199081,1.792753856,3.093594552,0,?
623,3.175639766,2.895536722,1.323177088,2.758175421,0,0
624,3.48533851,2.974169593,1.113248159,1.977751934,0,0
625,3.287854554,1.166857356,2.225351764,2.926194361,0,0
626,2.494119611,2.705505862,1.802693462,2.811102268,0,0
627,2.556347811,1.746851033,2.739849332,2.417206587,0,0
628,3.087450904,1.795153596,2.06848511,2.873881504,0,0
629,3.169026481,0.748356685,2.563307641,1.970993289,0,0
630,2.761641072,2.271840888,1.852593345,2.953276533,0,?
631,2.515577611,1.838520093,2.656346435,2.954504512,0,0
632,3.146900117,0.999743335,2.664699045,3.118201728,0,0
633,3.405592139,1.271934045,2.071269313,3.000049206,0,0
634,4.0,2.561649451,1.085823756,2.827104071,0,0
635,2.514627831,1.24371822,2.327532025,2.187641149,0,0
636,2.6046459,0.621777356,3.551142972,2.403665501,0,0
637,3.008408073,2.878975259,1.368118769,2.673240207,0,0
638,2.80469778,2.873676272,1.539282308,2.766176323,0,0
639,3.213912396,1.155577841,2.263518551,2.663392577,0,0
640,3.313076499,1.596654581,1.730130163,2.699703631,0,?
641,2.178880482,2.670253118,2.111037017,2.412285152,0,0
642,3.652746088,1.667168928,1.751401476,3.097925795,0,?
643,1.981980466,2.83314158,2.096327143,2.27565107,0,0
644,2.914450174,1.230683735,2.213611707,2.711397989,0,0
645,2.87575542,2.702677464,1.649815179,2.287959418,0,?
646,2.256182049,3.426168038,1.37825791,0.644680783,0,?
647,3.176800609,2.111405976,1.979622621,2.836337712,0,0
648,2.120979059,2.691040139,1.952778261,2.399358055,0,0
649,1.712387077,1.49404848,3.543788035,2.803101366,0,?
650,1.921592025,3.280198848,1.653791253,1.68237063,0,?
651,2.887645263,0.889742508,3.046204502,2.839412419,0,0
652,3.481011732,1.097766068,2.278414038,2.830183538,0,0
653,3.028564523,0.938745355,3.073420089,2.654158937,0,0
654,3.083088949,2.167820589,1.921177553,2.761250128,0,0
655,2.781797521,3.496332754,0.908098779,0.626832251,0,?
656,1.368594737,3.494560746,2.070666069,1.185657886,0,?
657,1.749632537,3.06759192,0.948632139,1.364143205,0,?
658,2.213266048,0.491330278,3.598868857,1.94886111,0,0
659,2.617133753,2.138565412,1.983798926,2.479985823,0,0
660,3.351454659,1.22046061,2.171663043,3.016664999,0,0
661,1.805226346,2.843705476,1.889170816,2.248573658,0,?
662,2.893449476,3.1708966,0.832136432,1.912545297,0,0
663,3.177046848,1.108329964,2.290362911,2.598768993,0,0
664,3.732422105,2.31237558,1.273293445,3.080696013,0,?
665,2.493732663,2.716785376,1.870683706,2.830183538,0,0
666,2.278765714,1.825122688,3.01140196,2.511989431,0,0
667,1.830536936,1.576910318,3.467245646,2.782792116,0,?
668,2.048144978,1.66822651,1.963915074,2.299653776,0,0
669,3.382340109,1.751434401,2.007070225,3.528717961,0,?
670,3.072289595,0.963076393,2.48797174,2.529837011,0,?
671,2.030158953,1.11644031,2.392543172,2.09839849,0,0
672,2.662265907,1.224686168,2.407253046,2.526144506,0,0
673,1.201996231,3.552389558,2.415002412,0.240304444,0,?
674,2.331249872,3.185362323,1.231739211,2.311348134,0,0
675,1.78874238,2.677290036,1.791361754,2.233799833,0,?
676,1.952818692,2.887784185,1.602699498,2.004215357,0,0
677,1.935490477,3.261507567,0.820210762,0.0,0,0
678,2.715348075,1.909737792,2.073055843,2.764329595,0,0
679,2.121119767,2.804227174,1.410647475,2.063948444,0,0
680,3.059801743,2.175232354,1.914031431,2.827104071,0,0
681,2.636410776,0.966603371,2.889941091,2.375974098,0,0
682,3.160267396,1.010682079,2.454770116,2.564302954,0,?
683,3.372877483,1.061797706,2.531498118,2.923733643,0,?
684,1.117184365,3.516421195,2.289156423,0.264959217,0,?
685,3.279658302,2.974169593,1.192574751,2.010402848,0,0
686,2.115343696,2.664255551,1.953195891,2.259649267,0,0
687,1.657588269,2.920924149,1.783807283,1.874991986,0,?
688,2.769520731,2.659314374,1.690967095,1.817115146,0,?
689,2.911249063,1.103746596,2.27583865,2.306426699,0,0
690,3.90595049,2.590921666,1.118027708,2.537837913,0,0
691,2.048144978,1.668233496,1.963915074,2.299644257,0,0
692,3.246451167,3.572477999,0.764549897,0.499417532,0,?
693,2.391895105,3.236835758,1.296935972,1.740199873,0,?
694,2.107924856,1.734862715,2.185978489,2.797561181,0,0
695,2.021800886,3.414530714,1.421204246,0.655770671,0,?
696,2.426087197,3.011892925,1.47248463,0.874236701,0,?
697,3.116507146,2.840894117,1.406076741,2.701550359,0,0
698,2.987266667,1.040635836,2.900869089,2.763710846,0,?
699,3.225169052,3.418756272,0.726174295,0.441588288,0,?
700,3.228546049,2.699866104,1.208073483,2.53599166,0,0
701,3.814173568,3.455423215,0.65858776,0.502511277,0,?
702,3.167337983,1.042407845,2.602472101,3.188358357,0,0
703,2.30873656,2.447065255,2.207857686,2.674468186,0,?
704,3.149749458,2.864168766,1.24624027,2.505835257,0,0
705,3.382551171,1.143599746,2.226929479,2.940963426,0,0
706,3.107783238,1.918205947,1.912824943,3.23390781,0,?
707,3.483157532,0.849548587,2.477414969,2.447363466,0,?
708,3.667168678,2.347287553,1.215637235,2.761250128,0,0
709,2.997432834,2.254904577,1.723768259,2.535376243,0,0
710,2.692096045,1.948875323,2.379016584,2.908345829,0,0
711,2.454475076,0.910887338,3.583346923,1.706977806,0,0
712,3.53469191,2.862754567,1.212458603,2.400590794,0,0
713,3.288347033,3.408533147,0.763366611,0.576380401,0,?
714,2.74651494,2.245039261,2.147208458,2.694782195,0,0
715,3.075666592,3.132815459,0.972112253,2.2854987,0,0
716,2.030169506,1.11644031,2.392543172,2.098408009,0,0
717,2.897670722,2.910701024,1.580831902,1.499554067,0,?
718,3.287291721,2.594789415,1.253015165,2.679394381,0,0
719,2.471747007,1.541299765,2.971634257,3.187787204,0,?
720,3.677053429,1.728164864,1.717408674,3.128672866,0,?
721,1.688909914,1.439405876,3.319752476,2.375355349,0,?
722,3.551787956,3.054557435,0.990998432,1.866377094,0,?
723,2.11069329,2.912115223,1.94263912,2.310734145,0,0
724,3.648946966,3.130361909,0.88879497,1.830680031,0,0
725,3.120165559,1.034297499,2.33170833,2.228259648,0,0
726,1.861670736,3.124722151,2.01124653,0.696370132,0,?
727,0.915971643,3.399724221,1.366912281,0.0,0,?
728,1.981041239,1.793390107,1.851400778,2.355660089,0,?
729,1.509995923,1.687970773,3.118965015,1.861427102,0,?
730,2.856021095,3.376449572,0.932135734,1.087181586,0,0
731,2.205597451,3.224499854,1.531727836,1.75190851,0,?
732,0.892614082,3.623968473,2.165096964,0.680996596,0,?
733,3.192735812,1.142884127,2.2450268,2.814795724,0,0
734,2.831010213,2.033846532,2.102289978,2.74955577,0,0
735,3.091214848,2.815506689,1.485804723,2.795100464,0,0
736,1.599215474,3.158918505,2.191152467,0.379427801,0,?
737,3.308749721,2.912115223,1.101113673,1.991316818,0,0
738,2.173526536,3.279500268,1.521985445,1.77099454,0,?
739,2.488209867,0.569247531,3.543788035,2.367968437,0,0
740,0.986536804,3.823523878,1.846428655,0.0,0,?
741,3.108944081,1.144996907,2.327532025,2.683701827,0,0
742,2.080265142,3.318279989,1.608861868,1.775278188,0,?
743,3.533320005,1.963324006,1.663731323,3.277601017,0,?
744,3.601071002,3.095449936,1.085823756,1.956857252,0,0
745,2.113841636,2.188624649,2.352381039,2.534760826,0,?
746,3.483122355,2.973113204,1.224987518,2.388896435,0,0
747,1.839130338,2.894838141,1.857760363,2.20671766,0,?
748,2.148448817,1.673867767,3.208013117,2.314427601,0,0
749,2.158031045,1.784928767,3.070055843,2.361200274,0,0
750,3.269351426,0.924296671,2.777018446,3.108349338,0,0
751,2.640526491,3.052444656,1.618007976,1.010885062,0,?
752,1.982778985,2.796815409,1.598325979,2.298425797,0,0
753,2.95694405,0.791379004,3.20682983,2.840645158,0,0
754,2.690583432,1.712651271,2.800475359,3.251137593,0,0
755,3.504756241,2.026093996,1.613035853,3.156373788,0,?
756,3.258974197,3.40147919,0.762368938,0.628688499,0,?
757,2.783345311,2.212257106,2.130920869,2.656005665,0,0
758,3.230234547,1.988370663,1.670291834,3.153280042,0,0
759,1.853499811,3.153619519,2.00029533,0.679140349,0,?
760,2.987653614,1.742267665,2.000898574,3.13605026,0,0
761,2.639049055,2.281706204,1.757566166,2.702164348,0,0
762,1.355966177,2.237985305,1.352596836,1.617735146,1,?
763,1.984657439,1.64812972,1.668303681,2.734167956,1,?
764,1.260777081,0.453606946,3.50701335,3.027745368,1,?
765,0.493706341,0.0,4.0,1.957476001,1,0
766,0.592272434,0.273083592,4.0,3.027745368,1,0
767,1.045247299,1.620276815,1.985399843,3.22224677,1,?
768,1.228941851,2.139263992,1.088190329,1.503885311,1,?
769,1.532910253,2.217539054,1.253015165,1.165381954,1,?
770,1.968222722,1.693612404,1.609061403,2.636929154,1,?
771,1.500790089,0.537521765,3.027109507,2.827104071,1,0
772,0.999130187,0.115834887,3.84378594,2.256574559,1,0
773,1.310904376,0.606970863,2.917574309,2.852339516,1,?
774,1.631289907,1.656944099,1.60190368,2.806180832,1,1
775,1.719007398,2.16535,0.82976986,1.11059886,1,?
776,0.0,2.791533461,1.832711814,0.0,1,?
777,1.206674779,2.141376771,1.508069068,1.447245969,1,?
778,1.574939792,1.352679696,2.23310113,3.105921938,1,?
779,1.207659736,0.132754159,3.76763798,2.508909964,1,0
780,0.588051188,0.0,4.0,1.345057175,1,?
781,1.206534071,0.499798433,2.944418669,2.594460595,1,?
782,1.724973425,1.606526712,1.564727606,2.865261853,1,1
783,2.014051382,2.245039261,0.630165685,0.642824536,1,?
784,0.648485359,2.500310699,1.497333645,0.250775583,1,?
785,1.261304737,1.621334909,2.006072552,2.579074209,1,0
786,1.110043424,0.461717292,3.211400564,2.406744967,1,0
787,0.90872517,0.0,3.790306035,1.742674869,1,?
788,1.680456869,0.931350627,2.137463746,2.924961622,1,0
789,2.21861296,1.874485048,1.062946886,2.619694612,1,0
790,2.257026298,2.321542315,0.529377525,0.620073607,1,?
791,0.272231638,2.928335915,1.603295782,0.0,1,?
792,0.885754557,1.75002361,2.241639353,2.67077949,1,0
793,1.043277384,0.744131127,3.022329958,2.987126869,1,?
794,1.276008743,0.59146579,2.756345736,2.648004763,1,?
795,2.026169875,1.753901582,1.216240479,2.841877896,1,0
796,2.424609761,2.396648209,0.538310178,1.300126471,1,?
797,2.134409657,2.497124492,0.455016095,0.0,1,?
798,0.0,3.223784235,1.585801704,0.0,1,?
799,0.713387015,2.148430728,1.750607978,2.15748427,1,?
800,1.121687028,1.414376257,1.958555483,2.77909866,1,0
801,1.526194954,1.329762857,1.630332716,2.598768993,1,?
802,2.058662916,2.001762957,0.912669513,2.412899141,1,0
803,2.168643961,2.241154474,0.73473572,1.770375791,1,?
804,1.74887623,2.196036414,0.890187071,1.179517991,1,?
805,0.578060906,2.239041695,1.555184749,0.866240559,1,?
806,0.0,3.151506739,1.677846166,0.804698821,1,?
807,0.337203648,2.241870093,1.854978479,2.092244316,1,?
808,0.782791333,1.661880164,1.834899733,2.540915475,1,?
809,1.248887238,1.670694543,1.445248161,2.314427601,1,?
810,1.621144846,2.094128894,0.992390534,2.078084481,1,?
811,1.543709607,2.002120767,1.12517383,2.048527312,1,?
812,1.12070207,1.851568209,1.568307627,2.044862413,1,?
813,1.096992739,1.939708587,1.656176851,1.736487378,1,?
814,1.405319577,1.421430214,2.342033084,2.77971265,1,0
815,0.75243354,0.50685239,4.0,2.083034474,1,0
816,0.139438276,0.666554645,4.0,2.175946791,1,0
817,0.937042695,2.33106686,1.598325979,1.95809475,1,?
818,1.933235629,1.923487895,1.346448387,2.288578167,1,?
819,1.308441983,0.804072718,3.225112765,2.650465481,1,0
820,0.439463331,0.0,4.0,0.986896635,1,?
821,0.434257128,0.25616432,4.0,1.882988128,1,?
822,0.766398828,1.581846384,2.229713682,2.93665598,1,0
823,1.151270926,2.222821003,1.360763832,1.338298531,1,?
824,1.696374484,1.647424324,1.685997061,2.49290816,1,1
825,1.06156945,0.474411005,3.414368985,2.859107679,1,0
826,0.366119183,0.0,4.0,1.906357806,1,?
827,0.508128932,0.292831262,4.0,2.876956211,1,0
828,0.93591703,1.654476577,1.972662113,3.062847481,1,?
829,1.056574309,2.199205583,1.119605423,1.295842823,1,?
830,1.339925442,2.233401937,1.218607052,0.930257293,1,?
831,1.708770876,1.668931735,1.660351764,2.35443211,1,1
832,1.312030042,0.541389514,3.00961543,2.516296876,1,0
833,0.853075078,0.132055579,3.779981281,2.099631229,1,0
834,1.24016333,0.646108394,2.891936437,2.707704532,1,?
835,1.515863455,1.679156394,1.619597292,2.717552162,1,1
836,1.53234742,2.184041281,0.838911327,0.927163548,1,?
837,0.0,2.808094923,1.797723659,0.0,1,?
838,1.03093024,2.211899297,1.443663486,1.274900545,1,?
839,1.375559793,1.318466304,2.327532025,2.856032972,1,0
840,1.053126958,0.083393503,3.85035202,2.158098259,1,0
841,0.480514948,0.0,4.0,1.074901796,1,?
842,1.180151284,0.515661316,2.899871417,2.412285152,1,0
843,1.662235158,1.630148947,1.569896943,2.766790312,1,1
844,1.850823295,2.279235615,0.653228169,0.468051711,1,?
845,0.481640613,2.507006846,1.461549672,0.149253134,1,?
846,1.094459991,1.64389905,1.982221211,2.467677475,1,0
847,0.974189659,0.427861708,3.262490695,2.28611269,1,0
848,0.82384295,0.0,3.628288605,1.617735146,1,?
849,1.632932675,0.9905766,2.104285324,2.853567495,1,0
850,2.14159281,1.861092754,1.102505775,2.537222495,1,0
851,2.061058473,2.346231163,0.568541985,0.432354648,1,?
852,0.128638922,2.874391891,1.635699268,0.0,1,?
853,0.744061402,1.744382148,2.28419126,2.536607078,1,0
854,0.941475003,0.708520574,3.091726226,2.87757496,1,0
855,1.186729392,0.550215479,2.800684174,2.556917279,1,?
856,1.932767774,1.77012057,1.22556756,2.776637942,1,?
857,2.303319295,2.402645776,0.551442336,1.186276635,1,?
858,1.938684554,2.526038898,0.506500655,0.0,1,?
859,0.0,3.235779369,1.612042821,0.0,1,?
860,0.630122939,2.130812875,1.713232369,2.080559477,1,?
861,1.010316489,1.427069971,1.937279529,2.643697317,1,0
862,1.410385072,1.379822094,1.553794967,2.467058726,1,0
863,1.918538657,1.999292369,0.914061615,2.273190353,1,?
864,2.057864397,2.26901249,0.752415411,1.718020097,1,?
865,1.573061337,2.223178812,0.914247228,1.09151283,1,?
866,0.390778295,2.262316343,1.564727606,0.71669366,1,?
867,0.0,3.166671042,1.72953388,0.693323982,1,?
868,0.264598218,2.256676586,1.806271163,2.011640346,1,?
869,0.682184972,1.689734432,1.804085563,2.426440227,1,?
870,1.164180903,1.736626204,1.376471379,2.174714053,1,?
871,1.580807324,2.104369058,0.96891042,1.966090893,1,?
872,1.51182513,2.010231113,1.138305989,1.998075462,1,?
873,1.067444017,1.922431505,1.507076036,2.00916535,1,?
874,0.862819121,2.007760524,1.577451415,1.561714554,1,?
875,1.192111481,1.527902359,2.264516224,2.613539962,1,0
876,0.584005827,0.61121346,4.0,2.017780241,1,0
877,0.045796971,0.767405775,4.0,2.062092196,1,0
878,0.691717952,2.360339076,1.570493227,1.699600412,1,?
879,1.64734823,1.91396335,1.345056285,2.031916278,1,?
880,1.020130886,0.848492197,3.218152257,2.538453806,1,0
881,0.26934712,0.0,4.0,1.034873488,1,?
882,0.303996514,0.355942022,4.0,1.874991986,1,?
883,0.665335165,1.616749837,2.170479757,2.853567495,1,0
884,1.49171441,2.183342701,1.40510227,1.796839214,1,?
885,1.858054887,1.4933499,2.00110739,2.935428001,1,?
886,1.26651094,0.224438554,3.789911607,3.156373788,1,?
887,0.697416634,0.0,4.0,2.499681083,1,0
888,0.943339387,0.506136771,3.763856104,3.583501055,1,?
889,1.387801406,1.71547115,1.852593345,3.412393129,1,?
890,1.262184163,2.232703357,1.149025171,1.509406457,1,?
891,1.653922821,2.160766632,1.293177297,1.409692658,1,?
892,1.922812669,1.553991775,1.87923121,2.708318522,1,1
893,1.575548355,0.403547709,3.181980816,2.739094151,1,0
894,1.200483618,0.123945233,3.819934599,2.517529615,1,0
895,1.624761047,0.798773731,2.734280925,3.271461122,1,?
896,1.848850988,1.779640003,1.526955247,2.928041089,1,1
897,1.746480673,2.214012076,0.845871835,1.049057122,1,?
898,0.003936282,2.801398776,1.629536898,0.0,1,?
899,1.339257078,2.03773132,1.566119707,1.77342194,1,?
900,1.616075833,1.195073182,2.53685771,3.041900444,1,?
901,1.303974498,0.0,3.906616128,1.98022693,1,0
902,0.828802914,0.0,4.0,1.255814515,1,?
903,1.560805653,0.69477047,2.694722037,2.72001288,1,?
904,2.024101465,1.783870673,1.402109251,2.757556672,1,0
905,2.109567624,2.291929329,0.653831413,0.596037584,1,?
906,0.822154452,2.363150435,1.569697408,0.647774529,1,?
907,1.358217508,1.437650906,2.21064189,2.556917279,1,0
908,1.219162632,0.289662094,3.319752476,1.990698069,1,0
909,1.238087884,0.090805269,3.466665603,1.750052263,1,?
910,2.041946782,1.082601766,2.071269313,3.091119555,1,0
911,2.561870608,1.988012854,0.976868601,2.568611161,1,0
912,2.279363724,2.359265648,0.598356162,0.704985023,1,?
913,0.361229573,2.740758605,1.712436551,0.0,1,?
914,0.95582724,1.540594369,2.455350158,2.567995744,1,?
915,1.23217814,0.593578569,3.090728553,2.635082426,1,0
916,1.657820438,0.792077584,2.473841908,2.591998926,1,?
917,2.397277194,1.825122688,1.218607052,2.878802939,1,0
918,2.688754225,2.448820225,0.518240712,1.187514133,1,?
919,2.162301539,2.485844977,0.55204558,0.0,1,?
920,0.0,3.06653553,1.740269303,0.172004062,1,?
921,0.833164868,1.97426275,1.835693231,2.346431208,1,?
922,1.348825236,1.288495508,2.027928548,2.862187146,1,0
923,1.998088037,1.510625278,1.426749451,2.72001288,1,0
924,2.406880528,2.049368644,0.952228401,2.511375441,1,?
925,2.46038482,2.300039675,0.744666045,1.748196015,1,?
926,1.765265218,2.224593011,0.964154072,1.244772224,1,?
927,0.573065765,2.353285119,1.592560358,0.708697518,1,?
928,0.0,3.02353025,1.818795437,1.013360058,1,?
929,0.469469354,2.126570278,1.858755715,2.195028062,1,?
930,1.066001758,1.631910732,1.805674879,2.593845178,1,?
931,1.674209425,1.82476999,1.297933645,2.296579069,1,?
932,1.940703716,2.082508608,1.016427489,2.281805244,1,?
933,1.811424542,1.982373096,1.161368473,2.297193058,1,?
934,1.278400783,1.858622165,1.593356176,2.281805244,1,?
935,1.198478526,1.886122372,1.738877202,2.05657105,1,?
936,1.39765098,1.262051691,2.736856313,2.793867725,1,?
937,0.82658676,0.367937156,4.0,2.166099161,1,0
938,0.30761975,0.732493803,4.0,2.372894632,1,0
939,1.125275087,2.326483493,1.491171275,1.98946057,1,?
940,1.913796791,1.791981019,1.55697592,2.569842091,1,1
941,1.239600497,0.50685239,3.752139248,2.891111287,1,0
942,0.658686703,0.0,4.0,1.599886614,1,?
943,0.747332868,0.460660902,4.0,2.527375341,1,0
944,1.101319516,1.662937917,2.12792785,3.211156882,1,?
945,1.224896491,2.257375166,1.393965457,1.434918583,1,?
946,1.846972639,1.696079585,1.630133181,2.571073021,1,1
947,1.255746763,0.511776528,3.332281391,3.201304492,1,?
948,0.619147699,0.0,4.0,2.273804342,1,0
949,0.751378228,0.202220295,4.0,3.029592096,1,0
950,1.112540995,1.589955026,2.071083699,3.397019594,1,?
951,1.251666225,2.147016529,1.169117839,1.649719715,1,?
952,1.395540357,2.229874959,1.265729693,1.015168709,1,?
953,1.814993605,1.739446083,1.599518546,2.501527811,1,1
954,1.485382542,0.584054024,2.957736442,2.947736349,1,?
955,1.070609952,0.120776064,3.76367049,2.431980412,1,0
956,1.469482515,0.597105547,2.918177553,2.950197067,1,?
957,1.668011229,1.63226343,1.68043051,2.930501807,1,1
958,1.71947877,2.191095237,0.867936647,1.242297227,1,?
959,0.0,2.77108721,1.927140389,0.0,1,?
960,1.055905945,2.236928915,1.470695779,1.188132882,1,?
961,1.430260105,1.459153546,2.200897178,2.934809252,1,0
962,1.211564389,0.170835301,3.696269569,2.463984019,1,0
963,0.65622431,0.0,4.0,1.272473145,1,?
964,1.351217275,0.461359482,2.985555273,2.716324183,1,0
965,1.772166955,1.556107962,1.69812389,3.136669009,1,1
966,2.019078182,2.280292005,0.657590087,0.753009473,1,?
967,0.504822289,2.548257157,1.524769648,0.0,1,?
968,1.159537533,1.707715206,1.965121562,2.390743164,1,0
969,1.081057535,0.573830899,3.075809863,2.468291465,1,0
970,1.02783466,0.0,3.642209621,1.675564389,1,?
971,1.848522293,0.989878019,2.092336451,3.003742662,1,?
972,2.322948088,1.852982408,1.131948724,2.757556672,1,0
973,2.280419036,2.335650228,0.555618641,0.660054319,1,?
974,0.077983971,2.950894945,1.644645841,0.0,1,?
975,0.764006789,1.776114729,2.303077439,2.454136389,1,0
976,1.038809899,0.781854459,2.981982212,3.003742662,1,?
977,1.411581092,0.557968016,2.792911606,2.551378047,1,?
978,2.114404469,1.722170705,1.292759667,2.96619887,1,?
979,2.438363988,2.389236443,0.622416319,1.428159939,1,?
980,2.071344242,2.558838091,0.465549665,0.0,1,?
981,0.0,3.256225619,1.574469997,0.0,1,?
982,0.609896135,2.162538641,1.711643053,1.991935567,1,?
983,1.132064257,1.432351919,1.944448852,2.740940879,1,0
984,1.602082403,1.371353938,1.59574131,2.508295974,1,?
985,2.111632517,1.998934559,0.954200545,2.469524204,1,?
986,2.144832616,2.265843321,0.833342921,1.902692907,1,?
987,1.65167149,2.220009643,0.908098779,1.236157332,1,?
988,0.552311306,2.221764613,1.514830042,0.948724575,1,?
989,0.0,3.174781388,1.661345725,0.794227682,1,?
990,0.237371182,2.260544335,1.830526214,2.116247022,1,?
991,0.796228966,1.725695979,1.780229581,2.599999828,1,?
992,1.327472767,1.696784981,1.406076741,2.335964829,1,?
993,1.683320281,2.070871284,0.984037924,2.070707088,1,?
994,1.540188385,1.954157271,1.16612482,2.195642051,1,?
995,1.100475267,1.873769429,1.546836779,2.180868227,1,?
996,1.033357456,2.027508195,1.56711274,1.769138293,1,?
997,1.34674979,1.503927427,2.222961989,2.755095954,1,0
998,0.761649927,0.541747324,4.0,2.142710445,1,0
999,0.182459808,0.619664577,4.0,2.055952301,1,0
1000,0.833305576,2.336348809,1.631922032,2.011640346,1,?
1001,1.834716322,1.932296821,1.348838162,2.204875692,1,?
1002,1.245756481,0.858357513,3.116760854,2.756328693,1,0
1003,0.503555915,0.0,4.0,1.469996898,1,?
1004,0.53950686,0.222666546,4.0,2.112553566,1,0
1005,0.827642071,1.569505368,2.280014955,3.222865519,1,?
1006,1.502010733,2.148788537,1.389394723,1.82144639,1,?
1007,1.78658251,1.471131641,1.996327841,2.916346731,1,?
1008,1.164673382,0.19269575,3.799841932,3.014818271,1,?
1009,0.591146768,0.0,4.0,2.343351742,1,0
1010,0.795103301,0.543519332,3.683160612,3.433335407,1,0
1011,1.19724733,1.725343281,1.855178014,3.242522702,1,?
1012,1.049714784,2.234117556,1.152227005,1.394319123,1,?
1013,1.66866904,2.161124442,1.255590553,1.490939176,1,?
1014,1.897829928,1.486994524,1.908648638,2.79940791,1,1
1015,1.528073409,0.325971227,3.248964107,2.72986051,1,0
1016,1.14240631,0.076356585,3.841210552,2.518143604,1,0
1017,1.518213282,0.803357099,2.72831809,3.227149166,1,?
1018,1.703888302,1.764831806,1.553395898,2.880649667,1,1
1019,1.559957886,2.24856624,0.824595882,0.922261151,1,?
1020,0.145136958,2.809866932,1.619397758,0.0,1,?
1021,1.397439918,2.03667493,1.565323889,1.902074158,1,?
1022,1.615228066,1.122795686,2.558736907,3.130529114,1,?
1023,1.224333658,0.0,4.0,2.089174369,1,0
1024,0.789967451,0.0,4.0,1.538963625,1,?
1025,1.459703295,0.677493389,2.734675354,2.894190753,1,?
1026,1.888954759,1.739093385,1.44783283,2.771097758,1,1
1027,1.888532634,2.308848602,0.646058845,0.485281494,1,?
1028,0.888357659,2.340591405,1.561546653,0.836064641,1,?
1029,1.41231981,1.384405462,2.25994549,2.812948996,1,0
1030,1.19879512,0.199051127,3.457524136,2.249801637,1,0
1031,1.194749759,0.036162664,3.479983376,2.102091946,1,0
1032,1.904967352,1.100236657,1.994726924,3.213013129,1,?
1033,2.377789108,2.006346325,0.966126216,2.508909964,1,?
1034,2.086227652,2.37442995,0.615641424,0.596037584,1,?
1035,0.442664443,2.66636833,1.802693462,0.216934767,1,?
1036,1.006763607,1.53883088,2.375049095,2.929887817,1,0
1037,1.215082094,0.519188294,3.224509521,2.995127771,1,?
1038,1.598135538,0.725082037,2.615001016,2.996974499,1,?
1039,2.206019576,1.860377135,1.142087865,2.849878798,1,0
1040,2.476214493,2.486901366,0.484041415,1.026877346,1,?
1041,1.943567128,2.503479868,0.534342688,0.0,1,?
1042,0.030143184,3.042920111,1.685997061,0.426167157,1,?
1043,0.896659442,1.950647331,1.869688354,2.523682361,1,0
1044,1.32314599,1.294493075,2.048206829,2.992662294,1,?
1045,1.84218265,1.497933268,1.457575221,2.876342221,1,1
1046,2.160472332,2.05817757,0.955407034,2.510756692,1,?
1047,2.221603009,2.302152455,0.710675563,1.644817319,1,?
1048,1.549439949,2.20625954,0.977077416,1.168428103,1,?
1049,0.454624639,2.358924877,1.592560358,0.712981165,1,?
1050,0.0,2.977338762,1.804681847,1.179517991,1,?
1051,0.51959665,2.101182851,1.86909207,2.419667304,1,?
1052,0.996210492,1.630854342,1.838477435,2.766176323,1,?
1053,1.553573252,1.809609095,1.294963828,2.475678377,1,?
1054,1.740373937,2.124457499,1.031740607,2.254727831,1,?
1055,1.635468941,1.966152404,1.176867204,2.200563487,1,?
1056,1.10663125,1.873769429,1.552006117,2.173486074,1,?
1057,1.128370667,1.881539004,1.718798456,2.047908563,1,?
1058,1.297924045,1.295549465,2.663910187,2.70031762,1,?
1059,0.711030153,0.44338382,4.0,2.116861011,1,0
1060,0.143940939,0.82169057,4.0,2.314427601,1,0
1061,1.033181571,2.297228316,1.514034224,1.973468286,1,?
1062,1.806211303,1.775409333,1.586198453,2.539069223,1,1
1063,1.14156206,0.527639411,3.76763798,2.614770797,1,0
1064,0.54724581,0.0,4.0,1.321068748,1,?
1065,0.58062883,0.558325825,4.0,2.334118101,1,0
1066,0.922760813,1.703131838,2.092336451,3.030206086,1,?
1067,1.556858788,2.176987324,1.377260237,1.870041993,1,?
1068,1.959298305,1.503222031,1.929715777,2.988973597,1,?
1069,1.338975662,0.23466168,3.728682336,3.028359358,1,?
1070,0.74205631,0.0,4.0,2.252262354,1,0
1071,0.954877459,0.48674691,3.718728809,3.294878395,1,?
1072,1.366906239,1.703837233,1.885792649,3.319485571,1,?
1073,1.247163563,2.236230335,1.146055355,1.521115093,1,?
1074,1.699804246,2.168178398,1.261367775,1.51678385,1,?
1075,1.979820595,1.532133029,1.857959897,2.921886915,1,?
1076,1.652702177,0.322444249,3.233859804,2.921268166,1,0
1077,1.284556766,0.039689642,3.857706957,2.606154477,1,0
1078,1.717223921,0.726138426,2.783584525,3.303493287,1,?
1079,1.890080424,1.710535084,1.565920173,3.028978107,1,1
1080,1.752207497,2.229176379,0.850628183,1.097033976,1,?
1081,0.046711574,2.805283564,1.664129,0.0,1,?
1082,1.356845603,2.066628687,1.572481612,1.857762203,1,?
1083,1.601611031,1.097050449,2.631891849,3.283169758,1,?
1084,1.326804403,0.0,3.976778051,2.327963927,1,0
1085,0.909991544,0.0,4.0,1.658953356,1,?
1086,1.626920918,0.598860517,2.785765485,3.093594552,1,?
1087,2.02964185,1.716529243,1.480635385,3.024665901,1,?
1088,2.073880508,2.313789779,0.637729437,0.640349539,1,?
1089,0.798409943,2.387839283,1.538883238,0.680377847,1,?
1090,1.332854855,1.404851712,2.240850495,2.804334104,1,0
1091,1.245862012,0.174720089,3.525713915,2.350738654,1,0
1092,1.299647721,0.0,3.557105807,2.052858556,1,0
1093,2.109240478,1.029714131,2.049993359,3.317010575,1,0
1094,2.55719206,1.978846118,0.989397516,2.667086033,1,0
1095,2.25688559,2.339177207,0.619028872,0.726546049,1,?
1096,0.311348517,2.706562251,1.808459083,0.0,1,?
1097,0.93567079,1.49265132,2.579409617,2.93727473,1,?
1098,1.2126197,0.511435757,3.230681172,3.123151721,1,?
1099,1.594614315,0.698638219,2.564305314,3.054232589,1,?
1100,2.353200351,1.786339558,1.205498095,3.056041241,1,?
1101,2.61931473,2.447763835,0.521210529,1.269998149,1,?
1102,2.106890651,2.499254309,0.562370334,0.0,1,?
1103,0.0,3.057028024,1.706076967,0.180618954,1,?
1104,0.785324081,1.97531914,1.846827724,2.351352644,1,?
1105,1.259756947,1.316353525,2.043241666,2.905885111,1,0
1106,1.802785059,1.476430628,1.454990553,2.842491886,1,1
1107,2.276514383,2.029961745,0.934339895,2.628309503,1,?
1108,2.357527128,2.286988152,0.73473572,1.807262757,1,?
1109,1.703701863,2.200261973,0.988794271,1.287227931,1,?
1110,0.477208305,2.322598705,1.603096247,0.749296978,1,?
1111,0.0,3.037280353,1.774264426,1.034254739,1,?
1112,0.390074754,2.145261559,1.834103915,2.224566192,1,?
1113,0.902428479,1.655886516,1.818795437,2.596306847,1,?
1114,1.476130978,1.807845606,1.282040484,2.34458448,1,?
1115,1.7423931,2.094486703,0.990998432,2.252262354,1,?
1116,1.671722408,1.97462056,1.154407964,2.243033473,1,?
1117,1.148069815,1.842750763,1.609458152,2.233799833,1,?
1118,1.165376923,1.940066396,1.686394738,2.033153777,1,?
1119,1.341754649,1.355133246,2.609827038,2.829564789,1,?
1120,0.726156284,0.381687259,4.0,2.291652874,1,0
1121,0.202370018,0.707464184,4.0,2.407977706,1,0
1122,1.133858287,2.327897692,1.528546884,2.007927851,1,?
1123,1.941125841,1.797269783,1.518208209,2.583997548,1,1
1124,1.228695612,0.57136031,3.64260405,2.719398891,1,0
1125,0.581578611,0.0,4.0,1.380754239,1,?
1126,0.66610906,0.438800452,4.0,2.29534633,1,0
1127,1.016226233,1.654476577,2.124354789,3.107778185,1,?
1128,1.080494703,2.24820843,1.391366867,1.300126471,1,?
1129,1.703371199,1.646013533,1.689774296,2.524913196,1,1
1130,1.041237116,0.435972054,3.522512081,3.00558939,1,?
1131,0.432814869,0.0,4.0,2.111939576,1,0
1132,0.655485592,0.272742821,4.0,3.034513531,1,0
1133,1.142265601,1.588191537,1.985005414,3.354563886,1,?
1134,1.24719874,2.148788537,1.123990543,1.449102217,1,?
1135,1.271013602,2.244681452,1.274291118,0.870571803,1,?
1136,1.700929912,1.727812166,1.597729695,2.395664599,1,1
1137,1.288918721,0.546688501,3.02193553,2.717552162,1,0
1138,0.934193354,0.079525754,3.948147161,2.43382714,1,0
1139,1.311748626,0.568548951,3.01140196,2.982814664,1,?
1140,1.660733098,1.655886516,1.625163379,3.063418634,1,1
1141,1.674772258,2.157239654,0.830349902,1.09151283,1,?
1142,0.0,2.831369572,1.874061873,0.0,1,?
1143,0.9813306,2.143489551,1.530535269,1.207218912,1,?
1144,1.355121928,1.345966511,2.259342246,2.852339516,1,0
1145,1.03057847,0.082694923,3.817939253,2.18702716,1,0
1146,0.535320791,0.0,4.0,1.289702928,1,?
1147,1.249837019,0.459945283,3.019151326,2.646776784,1,0
1148,1.753663827,1.562454819,1.578247233,2.991434315,1,1
1149,1.964652251,2.236571106,0.629771256,0.657626918,1,?
1150,0.366787547,2.47809244,1.561746188,0.08461765,1,?
1151,1.033357456,1.555755264,2.135886031,2.353813361,1,0
1152,0.973802712,0.4031899,3.275808467,2.260263256,1,0
1153,0.876151223,0.0,3.769424511,1.636821176,1,?
1154,1.720699414,0.914414317,2.164516922,3.01605101,1,?
1155,2.203310943,1.826180781,1.130347808,2.770483769,1,0
1156,2.187614944,2.327182073,0.531558485,0.600368828,1,?
1157,0.016494489,2.909286825,1.692159895,0.0,1,?
1158,0.679441162,1.667873983,2.362914608,2.353199372,1,0
1159,0.945133417,0.685944506,3.070659087,2.58953678,1,0
1160,1.286315619,0.552686068,2.782192424,2.11809375,1,0
1161,2.095387756,1.701721047,1.261367775,2.739094151,1,0
1162,2.457078178,2.346231163,0.575688107,1.376470591,1,?
1163,2.087261857,2.4988965,0.466152909,0.0,1,?
1164,0.0,3.254453611,1.679038873,0.0,1,?
1165,0.508832472,2.086035587,1.833707166,2.04976481,1,?
1166,1.074268365,1.310355958,2.073659087,2.782178127,1,0
1167,1.53830993,1.295549465,1.663731323,2.614770797,1,?
1168,2.107970586,1.967208794,0.93413108,2.497834355,1,?
1169,2.193201059,2.255620196,0.754805186,1.752527259,1,?
1170,1.724692009,2.216482665,0.885616338,1.052103271,1,?
1171,0.491279125,2.272539468,1.586597523,0.729592199,1,?
1172,0.0,3.204752183,1.726352927,0.391088842,1,?
1173,0.177851614,2.20414676,1.925145043,1.950051012,1,?
1174,0.719965123,1.64812972,1.90209416,2.588921363,1,?
1175,1.230102694,1.658707077,1.499918313,2.390743164,1,?
1176,1.63781525,2.095202322,1.010464654,2.139635738,1,?
1177,1.532442398,2.017983649,1.12696036,1.960522151,1,?
1178,1.11736025,1.889990121,1.526758033,1.965472144,1,?
1179,0.694391408,1.979544699,1.717605889,1.428159939,1,?
1180,1.067092247,1.458795736,2.371452832,2.740326889,1,0
1181,0.584744545,0.552686068,4.0,2.489214704,1,0
1182,0.07179281,0.683831726,4.0,2.381509523,1,0
1183,0.590161811,2.344459155,1.65736965,1.558002059,1,?
1184,1.588838244,1.968265184,1.329139923,2.015923994,1,?
1185,1.051825407,0.86435508,3.148779192,2.620308601,1,0
1186,0.354510757,0.0,4.0,1.233682336,1,?
1187,0.43267416,0.257578519,4.0,1.848528563,1,?
1188,0.785042665,1.557869747,2.303471868,2.975432511,1,?
1189,0.970073945,2.276424256,1.357376385,1.21150256,1,?
1190,1.555029582,1.679156394,1.68818382,2.457211096,1,1
1191,0.944605761,0.499798433,3.425505798,2.904038383,1,0
1192,0.299001373,0.0,4.0,1.767282045,1,?
1193,0.525717456,0.259691298,4.0,2.748327791,1,0
1194,0.977672187,1.604057827,2.020387998,3.099734447,1,?
1195,1.153557434,2.16359503,1.140092519,1.438012329,1,?
1196,1.138642365,2.300738256,1.225961989,0.714837413,1,?
1197,1.558786491,1.783517976,1.562342471,2.316274329,1,1
1198,1.218248028,0.590750171,2.978594765,2.76986502,1,0
1199,0.822435868,0.058721694,3.941789897,2.280577265,1,0
1200,1.202172117,0.54949986,2.984975231,2.8289508,1,0
1201,1.540188385,1.66681623,1.628940614,2.832644256,1,1
1202,1.599968262,2.176288744,0.84169553,1.069951803,1,?
1203,0.0,2.863095337,1.833110883,0.0,1,?
1204,0.872211393,2.230931349,1.458767789,1.069951803,1,?
1205,1.262043455,1.439405876,2.139064663,2.816028462,1,0
1206,0.990898758,0.096445026,3.762069574,2.329196666,1,0
1207,0.51315925,0.0,4.0,1.222592448,1,?
1208,1.159678241,0.483918512,2.960706259,2.505835257,1,0
1209,1.604428712,1.587135147,1.59355339,2.793253736,1,1
1210,1.85622357,2.251735408,0.647265333,0.536970843,1,?
1211,0.300795402,2.517587781,1.525166397,0.0,1,?
1212,0.9834764,1.630854342,2.001501818,2.348891926,1,0
1213,0.925786039,0.504381801,3.118152955,2.270729635,1,0
1214,0.804003094,0.0,3.713763646,1.561095805,1,?
1215,1.595929937,0.915129935,2.191755711,2.804334104,1,0
1216,2.058662916,1.842750763,1.162366146,2.613539962,1,0
1217,2.064298279,2.336008038,0.578866739,0.475429105,1,?
1218,0.0,2.905419076,1.701104844,0.0,1,?
1219,0.588156719,1.750729005,2.219968971,2.349505915,1,0
1220,0.870593249,0.701824427,3.04877989,2.746481063,1,0
1221,1.201714815,0.521301073,2.84938453,2.30519396,1,0
1222,1.953240817,1.702073744,1.268722712,2.800026659,1,0
1223,2.318902728,2.376542729,0.584829574,1.330302388,1,?
1224,1.94197009,2.522171149,0.480653968,0.0,1,?
1225,0.0,3.308397635,1.616813089,0.0,1,?
1226,0.416457541,2.097655872,1.860345031,2.041768668,1,?
1227,0.945485187,1.381934873,2.024355487,2.723092347,1,0
1228,1.375559793,1.345966511,1.639676038,2.510142703,1,0
1229,1.931406422,2.028206775,0.897959639,2.250415626,1,?
1230,2.065944565,2.298983286,0.729770558,1.581419333,1,?
1231,1.57357844,2.252093218,0.866938974,0.874236701,1,?
1232,0.396582508,2.318373147,1.524173364,0.577570303,1,?
1233,0.0,3.240004927,1.735895784,0.338161995,1,?
1234,0.107497516,2.281007624,1.867702289,1.855287207,1,?
1235,0.603599444,1.724285188,1.82813876,2.426440227,1,?
1236,1.120596539,1.701368349,1.442456998,2.172253335,1,?
1237,1.53530581,2.150901316,0.94645118,1.994362967,1,?
1238,1.462552636,2.065572298,1.090185675,1.879275634,1,?
1239,0.987064459,1.949931712,1.47029671,1.8626646,1,?
1240,0.598287709,1.99542462,1.71899799,1.405409011,1,?
1241,1.04500106,1.526491568,2.306464887,2.588305945,1,0
1242,0.579186571,0.65457655,4.0,2.172867325,1,0
1243,0.064792578,0.788550606,4.0,2.154404803,1,0
1244,0.468343689,2.366319604,1.620789859,1.560477056,1,?
1245,1.449713013,1.986956464,1.360763832,1.910070301,1,?
1246,0.983441223,0.896080845,3.173024962,2.540300058,1,0
1247,0.272372346,0.0,4.0,1.12287865,1,?
1248,0.371466094,0.278382579,4.0,1.804835356,1,?
1249,0.658440464,1.551877292,2.263309735,2.908959819,1,0
1250,0.990335925,2.286289572,1.347051631,1.189370381,1,?
1251,1.574141273,1.694670498,1.668502519,2.398744065,1,1
1252,0.894724705,0.50930594,3.423719267,2.84803207,1,0
1253,0.245778497,0.0,4.0,1.854049708,1,?
1254,0.479248574,0.33796636,3.954318811,2.793253736,1,0
1255,0.965043626,1.633674221,2.02096804,3.141619002,1,?
1256,1.08577126,2.18721045,1.115823547,1.413405153,1,?
1257,1.179975398,2.27006888,1.261762203,0.735160941,1,?
1258,1.629175767,1.767653389,1.586198453,2.251034375,1,1
1259,1.200624326,0.598860517,2.986761761,2.660313111,1,0
1260,0.792113252,0.112307909,3.897660274,2.219644757,1,0
1261,1.174980257,0.622833746,2.976413806,2.798179931,1,0
1262,1.493895388,1.68691302,1.61860426,2.784638844,1,1
1263,1.538450638,2.22740437,0.822414923,0.999176425,1,?
1264,0.0,2.829955373,1.834899733,0.0,1,?
1265,0.951711525,2.202374752,1.48262377,1.122259901,1,?
1266,1.341684295,1.428467132,2.166303452,2.767404302,1,0
1267,0.983687463,0.132055579,3.731860968,2.153176824,1,0
1268,0.461062039,0.0,4.0,0.990561533,1,?
1269,1.100229027,0.497327845,2.97483609,2.342737752,1,0
1270,1.585974832,1.616398843,1.576458382,2.678161642,1,1
1271,1.822272089,2.309904991,0.62202189,0.543110738,1,?
1272,0.358274701,2.510176015,1.561546653,0.034736953,1,?
1273,1.014608089,1.598063668,2.068299496,2.362433012,1,0
1274,0.949495371,0.417996393,3.28256016,2.249187647,1,0
1275,0.757428681,0.0,3.757313226,1.452148366,1,?
1276,1.531503171,0.908075979,2.186372918,2.80864155,1,0
1277,2.045232319,1.843100053,1.148445129,2.564302954,1,0
1278,2.037155668,2.336008038,0.558194029,0.50065503,1,?
1279,0.0,2.931862893,1.682617502,0.0,1,?
1280,0.667129195,1.733100929,2.28994528,2.387049707,1,0
1281,0.865703639,0.698996029,3.056923684,2.785866823,1,0
1282,1.144481756,0.546688501,2.795301381,2.367354447,1,0
1283,1.901678298,1.692554311,1.28540473,2.850492788,1,?
1284,2.272363491,2.366677413,0.570514129,1.323543744,1,?
1285,1.951267384,2.504894067,0.481071598,0.0,1,?
1286,0.0,3.29641954,1.681027026,0.0,1,?
1287,0.44269962,2.119175551,1.821579641,2.015305245,1,?
1288,0.91206699,1.398854145,1.992360351,2.645544045,1,0
1289,1.3516394,1.310355958,1.651604029,2.475678377,1,0
1290,1.886232055,2.008816914,0.894572191,2.256574559,1,?
1291,2.031661013,2.293343528,0.7303506,1.619591393,1,?
1292,1.577286101,2.261958534,0.877472543,0.935778439,1,?
1293,0.450966226,2.299681866,1.536498104,0.657008169,1,?
1294,0.0,3.25586781,1.714227722,0.406509973,1,?
1295,0.108025171,2.234816136,1.92236084,1.879894383,1,?
1296,0.583407817,1.711593178,1.841062103,2.408591695,1,?
1297,1.084997365,1.693612404,1.432921101,2.156865521,1,?
1298,1.50947882,2.131869265,0.951230729,1.942673619,1,?
1299,1.467442246,2.047238826,1.075684616,1.959903402,1,?
1300,1.028608555,1.917490328,1.485208439,1.955001005,1,?
1301,0.537290705,1.99682178,1.667508559,1.372758096,1,?
1302,0.942530315,1.509567184,2.303866297,2.487986725,1,0
1303,0.465072223,0.636243078,4.0,2.084224376,1,0
1304,0.0,0.795604562,4.0,2.035010024,1,0
1305,0.477173128,2.360679847,1.605680916,1.527873738,1,?
1306,1.416716941,1.970377963,1.332318555,1.892221769,1,?
1307,0.918539567,0.920054074,3.063884193,2.500909062,1,0
1308,0.217390618,0.0,4.0,1.036110987,1,?
1309,0.338786616,0.332667374,4.0,1.663903349,1,?
1310,0.670471015,1.586429751,2.286581035,2.822796626,1,0
1311,1.453863905,2.240813703,1.363548036,1.635583678,1,?
1312,2.044201631,1.61957142,1.718202172,2.77971265,1,?
1313,1.317025183,0.42539112,3.508219838,3.15209014,1,?
1314,0.614117381,0.0,4.0,2.209183138,1,0
1315,0.80977213,0.262860467,4.0,3.120676724,1,0
1316,1.283571809,1.606174014,2.051594276,3.476409864,1,?
1317,1.401837049,2.152656286,1.11285373,1.669424494,1,?
1318,1.674068717,2.193923635,1.249836533,1.2183088,1,?
1319,2.080877223,1.664700895,1.632121567,2.678780392,1,?
1320,1.593910774,0.520943264,3.030891384,2.864033874,1,0
1321,1.145079765,0.053780517,3.92211486,2.505835257,1,0
1322,1.505064101,0.579129885,2.975624948,3.058516237,1,?
1323,1.838520016,1.642840957,1.64941843,3.147758896,1,1
1324,1.869419184,2.171705376,0.852832344,1.294605325,1,?
1325,0.0,2.75028315,1.884003799,0.0,1,?
1326,1.392128184,2.127984477,1.480635385,1.599886614,1,?
1327,1.762869661,1.368542579,2.171083001,3.158230035,1,?
1328,1.356071708,0.024866111,3.871813587,2.401204783,1,0
1329,0.803651324,0.0,4.0,1.3167851,1,?
1330,1.460301305,0.437028444,3.071053516,2.742787607,1,0
1331,1.926333892,1.583608169,1.582024469,3.139144005,1,1
1332,2.165449885,2.246794231,0.631952215,0.807792567,1,?
1333,0.840692757,2.442481887,1.540871624,0.538208341,1,?
1334,1.466351758,1.619218722,1.973056541,2.763710846,1,?
1335,1.295813422,0.438084834,3.196296261,2.506449246,1,0
1336,1.124712254,0.0,3.878170851,1.895315514,1,?
1337,1.929950092,0.903134802,2.167486739,3.254850088,1,?
1338,2.403573886,1.82053932,1.138886031,2.959430707,1,?
1339,2.393161479,2.320145155,0.535525974,0.783137795,1,?
1340,0.388315901,2.886029215,1.65637569,0.0,1,?
1341,1.051543991,1.655533819,2.328320882,2.79879392,1,0
1342,1.232565087,0.680304748,3.037643077,3.144046402,1,?
1343,1.509995923,0.528695801,2.832493697,2.723706336,1,?
1344,2.320591226,1.712651271,1.239883006,3.198210747,1,?
1345,2.631134218,2.370204392,0.561187048,1.562333303,1,?
1346,2.2896706,2.502764249,0.449262075,0.0,1,?
1347,0.0,3.226612633,1.578444447,0.0,1,?
1348,0.79964114,2.071927674,1.797923193,2.375974098,1,?
1349,1.289833324,1.30507401,2.07205817,2.99635575,1,?
1350,1.770429208,1.296963664,1.653592414,2.835723722,1,?
1351,2.311163777,1.996481009,0.907495535,2.598153099,1,?
1352,2.371422062,2.256676586,0.74048974,1.888509274,1,?
1353,1.88820197,2.221423842,0.879862317,1.212740058,1,?
1354,0.65407851,2.244340681,1.508665352,0.890228986,1,?
1355,0.0,3.156447917,1.625562448,0.837302139,1,?
1356,0.412693596,2.170648987,1.877641894,2.25595581,1,?
1357,0.936374331,1.605821316,1.892551303,2.771711748,1,?
1358,1.491573702,1.640021078,1.465526442,2.568611161,1,1
1359,1.870686965,2.096957292,0.99357382,2.271343625,1,?
1360,1.760379125,2.002461538,1.10271459,2.183947693,1,?
1361,1.294019393,1.853680988,1.510456523,2.167945889,1,?
1362,1.085208427,1.943934146,1.686195899,1.768519544,1,?
1363,1.437014099,1.429881331,2.35416757,2.881882406,1,0
1364,0.848713124,0.542803713,4.0,2.366740458,1,0
1365,0.262839366,0.682076757,4.0,2.31565558,1,0
1366,0.999657843,2.310262801,1.582421218,1.950669761,1,?
1367,1.990292803,1.902343064,1.339279064,2.300886515,1,0
1368,1.358921049,0.841438241,3.178593369,2.72986051,1,0
1369,0.52817985,0.0,4.0,1.245390973,1,?
1370,0.593820224,0.244169186,4.0,1.956857252,1,0
1371,0.953259315,1.560338632,2.298506705,3.13605026,1,?
