rowId,1,5,label
1,5.125705335,5.192761112,0
2,5.317041376,5.126356016,0
4,5.486858189,5.299684573,0
5,4.63985052,4.469058111,0
6,5.546245464,5.799411062,0
8,4.825961283,5.113975405,0
9,4.486860902,4.439794848,0
10,5.28341442,5.291806002,0
11,5.189614897,5.191635602,0
13,4.714604141,4.833723387,0
14,4.637013695,4.476936682,0
15,5.199728532,4.971035621,0
16,5.189025071,5.374530995,0
17,5.197621275,5.42630446,0
18,4.736768921,4.438669338,0
19,4.74415718,4.689658093,0
20,4.779665922,4.707666255,0
21,4.955073225,5.007051944,0
22,4.525936892,4.412219851,0
23,5.237737177,5.385223341,0
24,5.177984689,5.086400407,0
28,4.528268764,4.35763261,0
29,5.091910347,5.353146303,0
31,4.720896764,4.440357603,0
34,4.609201844,4.981165212,0
35,4.786828711,4.964845315,0
36,4.951842897,5.016056025,0
37,5.006454123,4.967096335,0
38,4.729633566,5.044193778,0
39,5.213268817,4.595115244,0
41,4.90259669,4.376203527,0
42,5.08749951,4.998047863,0
43,4.555349334,4.788702983,0
44,4.796155338,4.676151972,0
45,4.772052191,4.348628529,0
48,5.552875008,5.543920267,0
49,5.119468437,5.226526416,0
50,5.404407678,5.574871795,0
51,5.376287196,5.811228918,0
52,4.977546634,4.861298385,0
53,5.809271973,5.416174869,0
55,5.591220574,5.538292716,0
56,4.40258433,4.35538159,0
57,4.667662371,4.482564232,0
58,5.521693088,5.594568222,0
59,4.827759053,4.821342776,0
60,4.692158165,4.71385656,0
62,5.279902896,5.360462119,0
63,4.899872173,4.826970326,0
65,5.602795058,5.510717719,0
67,4.846862394,4.55797341,0
68,5.202705954,4.823593796,0
71,4.607740995,4.766755535,0
72,5.803963537,5.759455453,0
74,5.454776955,5.609762608,0
75,5.642404292,5.666600869,0
76,4.70210291,4.703164214,0
77,5.28080221,5.300247328,0
78,5.109608565,5.362713139,0
80,5.49298278,5.701491682,0
81,5.088174209,4.628880547,0
83,4.813994154,4.644074933,0
85,4.799245925,4.492131068,0
87,5.049912659,4.806711144,0
88,5.267402523,5.290117737,0
89,4.750449804,4.837662672,0
92,5.256417866,5.720062599,0
93,4.926503515,5.026185616,0
94,4.917233469,4.807836654,0
95,4.933498271,4.493819334,0
96,5.134807349,4.553471369,0
99,5.432977388,5.147177953,0
100,5.437809162,5.466822824,0
102,5.730782214,5.1190402,0
105,5.338672054,5.429118236,0
106,4.824641032,4.667710646,0
107,4.845176931,4.573730551,0
110,4.808488537,4.790954003,0
113,5.293134551,5.256352434,0
114,5.426039213,5.17137642,0
115,5.295859926,5.466260069,0
117,4.669094929,4.520268821,0
118,5.028029076,4.883808587,0
121,5.129329166,5.061076429,0
123,5.401823758,5.505652923,0
125,5.317968123,5.756641678,0
126,5.052777775,5.254101413,0
127,5.261334514,5.655908523,0
128,5.34634151,5.4195514,0
129,5.112867183,4.742557068,0
130,4.826719999,4.769569311,0
132,5.657096796,5.666038114,0
133,4.393285993,4.440357603,0
137,4.833490141,4.502260659,0
139,5.685302151,5.408859054,0
140,4.988755905,4.820217266,0
141,4.887342651,5.075708061,0
142,5.620661307,5.568681489,0
143,5.410897481,5.505652923,0
144,4.838350207,5.067266735,0
146,4.485596376,4.619313711,0
147,5.084381489,4.986792762,0
150,5.050053257,4.720046866,0
153,5.285690567,5.497774352,0
156,4.97173153,4.887185117,0
157,4.68370256,4.665459625,0
158,4.857733887,4.723423396,0
159,4.792700397,4.627755037,0
160,5.121688001,5.054323369,0
162,5.678531151,5.557426388,0
163,5.20756602,5.17250193,0
164,4.57942419,4.45555199,0
165,5.686649835,5.660410563,0
166,4.782025227,4.588362183,0
167,5.608834776,5.595693732,0
168,4.49371506,4.76619278,0
169,5.18079408,4.964845315,0
170,5.436910706,5.251850393,0
171,5.743873271,5.762269228,0
174,4.961337557,4.901816749,0
175,5.402328712,5.42067691,0
176,4.910996571,5.013805005,0
178,4.604426651,4.76281625,0
179,5.80677207,5.852872792,0
181,5.548914256,5.486519251,0
182,5.094832045,5.243409067,0
183,4.789497503,4.695848398,0
184,5.803879521,5.736382496,0
186,4.547314665,4.461742295,0
187,5.322940496,5.487082006,0
189,4.991368116,5.175315706,0
190,5.34254879,4.937270317,0
191,5.616925169,5.565304959,0
192,5.048507535,4.924889706,0
193,4.914985614,4.546155554,0
194,5.450844494,4.984541742,0
195,5.15534239,5.042505513,0
196,4.965214293,4.850043284,0
197,5.383479133,5.416737624,0
199,5.675750052,5.683483521,0
200,4.769074768,5.065015715,0
201,5.546076575,5.361587629,0
202,5.03544477,4.750998394,0
204,5.32215349,5.179817746,0
205,5.224842443,5.087525917,0
208,4.82525915,4.741431558,0
209,4.675640458,4.771257576,0
210,4.800706774,4.761127985,0
212,5.275352318,5.370028955,0
214,4.758821393,4.927140726,0
215,4.742865221,4.881557567,0
216,4.927402828,4.785326452,0
219,5.356903516,5.348644263,0
220,4.561754264,4.452738215,0
221,5.342577081,4.743119823,0
222,4.800537885,4.453863725,0
223,5.241276134,4.820217266,0
224,4.923047716,5.110598874,0
225,4.903355406,4.792642268,0
226,5.092079236,4.942335113,0
227,4.997042622,5.086963162,0
229,5.061402269,4.956403989,0
230,5.618386018,5.784779431,0
231,5.179557845,4.908569809,0
232,4.675275245,4.799958084,0
233,5.355415233,5.360462119,0
234,4.850992035,4.751561149,0
236,5.079943218,5.058825409,0
237,5.552875008,5.539980982,0
238,5.493881236,5.370028955,0
239,4.879505163,5.086400407,0
240,5.333193871,5.499462618,0
241,4.802223348,4.967096335,0
243,5.171186256,5.069517755,0
245,4.841496518,4.894500933,0
246,5.082836625,5.092027957,0
248,4.818207811,4.461742295,0
249,5.454664648,5.285615697,0
250,5.355948477,5.093153468,0
251,5.034236826,5.164060605,0
253,4.878016023,5.06557847,0
254,5.467109296,5.180380501,0
255,5.446377932,5.328385081,0
256,4.917513808,4.991294803,0
259,5.632039467,5.693050357,0
261,5.222988091,4.922075931,0
262,5.399322998,5.377344771,0
263,5.386063909,5.573746285,0
264,5.35830864,5.430806501,0
265,5.090140868,5.347518753,0
266,5.47770045,5.041942758,0
267,5.037888948,5.229340191,0
268,5.478093953,5.188259072,0
269,4.620776327,4.747059109,0
270,5.50478102,5.085274897,0
271,5.162337147,5.048133063,0
272,5.292207804,5.295745288,0
273,4.442250146,5.093153468,0
275,5.70429147,5.429118236,0
278,5.388732702,5.092590713,0
280,5.504219485,5.331198856,0
283,4.910575634,5.309251409,0
285,5.414099518,4.996922353,0
286,5.462221797,5.77802637,0
287,5.024292081,4.881557567,0
289,4.605185367,4.692471868,0
290,5.110788217,5.066141225,0
291,5.033226063,4.955278479,0
294,4.47452856,4.589487693,0
295,4.926054287,5.080772856,0
299,5.538912929,5.805038613,0
300,5.403003411,5.673916685,0
301,5.069576678,5.189384582,0
303,5.133964617,5.377344771,0
305,5.718786794,5.591191692,0
309,4.762388642,5.556300878,0
310,5.477110624,5.442624357,0
311,5.538828913,5.711058518,0
312,4.682578632,4.486503518,0
317,5.339093849,5.514657004,0
318,4.393088813,4.417284646,0
319,5.601558823,5.769022289,0
321,4.765985039,5.082461122,0
322,4.900012771,4.920387666,0
323,4.920772427,5.299121818,0
324,4.895658516,4.398713729,0
325,5.148066438,4.990169292,0
326,5.404183064,5.748200352,0
328,5.406711258,5.149428973,0
329,5.019825518,4.623815751,0
330,5.275015397,5.445438132,0
332,4.867481452,4.845541243,0
333,4.763147357,4.575981572,0
334,4.794751072,4.469058111,0
336,5.7141522,5.73019219,0
337,5.542171548,5.670540154,0
338,5.204138512,5.179817746,0
339,4.725672814,4.382956588,0
340,5.651366565,5.67898148,0
341,4.909311108,4.797707063,0
343,5.46831724,5.346955998,0
344,5.71527527,5.524786595,0
345,4.543185881,4.600742794,0
346,4.594173276,4.542779023,0
347,5.209026869,5.469073845,0
348,5.252626003,5.36721518,0
349,5.455479088,5.479766191,0
350,5.26223297,4.965970825,0
351,5.052553161,5.304186613,0
352,4.653278498,4.9186994,0
353,5.229000375,5.076270816,0
354,5.715950827,5.776338105,0
355,5.326733216,5.406608033,0
358,5.297572823,4.81402696,0
359,5.206245769,5.453879458,0
361,4.452728993,4.380705567,0
363,5.051485815,4.736929518,0
364,4.772698599,4.577669837,0
365,5.285802874,5.245660088,0
366,5.005836005,5.32388304,0
368,5.343110326,5.054323369,0
369,5.126660373,4.91757389,0
370,5.473317904,5.47526415,0
371,5.144779528,4.992420313,0
373,4.822225145,5.237218762,0
375,5.709658204,5.303623858,0
377,4.843800099,4.789828493,0
379,4.750253481,4.51126474,0
380,5.26012657,5.075145306,0
381,5.129806685,5.053760614,0
382,4.684545291,4.671649931,0
383,5.183968683,5.063890205,0
384,5.258019313,5.126918771,0
385,5.377102494,5.41730038,0
386,4.724211965,4.361009141,0
387,4.826354786,4.692471868,0
388,5.013701784,4.985104497,0
390,4.726824175,4.786451962,0
391,4.812224675,4.514078516,0
395,5.506972293,5.696989642,0
397,4.580435811,4.574293307,0
398,5.614705605,5.67335393,0
399,4.376571105,4.404904035,0
400,4.975046731,4.766755535,0
402,5.152589582,5.768459534,0
404,5.63465082,5.743135557,0
406,5.495931911,5.22258713,0
407,4.557568898,4.45892852,0
409,5.472362865,5.357085589,0
410,5.357690522,5.108910609,0
413,4.700642062,4.666585136,0
414,5.367101166,5.152242748,0
415,4.581166235,4.362697406,0
416,5.358084026,5.21583407,0
419,4.636479594,4.61481167,0
423,5.649259308,5.705993723,0
425,4.973698189,4.846666753,0
426,5.260547507,5.048133063,0
428,4.750702709,5.177003971,0
429,5.215740429,5.153368259,0
430,5.087527801,5.136485607,0
431,5.428173904,5.335138141,0
432,5.705976933,5.407733544,0
433,5.125368414,5.072894286,0
434,4.906530008,4.745370843,0
436,5.358224624,5.411672829,0
438,5.828178992,5.545608532,0
439,5.020612525,4.738617783,0
443,4.88141524,4.443734134,0
444,4.558889149,4.658706565,0
445,4.773429024,4.610872385,0
447,5.613244756,5.724001885,0
448,4.784806327,4.931642767,0
449,4.978137318,4.597366264,0
450,5.259901956,4.904067769,0
451,5.027494975,4.386895873,0
453,5.104944822,5.12241673,0
454,4.712075947,4.702038704,0
455,4.838406789,4.958655009,0
456,4.698197883,4.813464205,0
457,4.983193706,5.043631023,0
458,4.827309825,4.446547909,0
462,4.830990238,4.623252996,0
463,4.919086964,4.460616785,0
464,5.630830666,5.727378415,0
466,5.468289806,5.720625354,0
467,5.299398884,4.951901949,0
469,5.607233329,5.151679993,0
470,5.275324027,5.202890703,0
471,5.625717695,5.202890703,0
474,4.825203425,4.456114745,0
479,4.984654555,4.826407571,0
482,4.939145343,4.691346358,0
483,5.280408707,5.22146162,0
484,5.158151781,5.008740209,0
485,4.419186911,4.975537661,0
487,5.09620802,4.938958582,0
488,4.705558709,4.738055028,0
489,5.452052438,5.57205802,0
490,5.174136244,4.841601958,0
493,5.072386069,5.130295301,0
494,4.630018082,4.491005558,0
495,4.50239528,4.521394331,0
497,4.875740734,4.671649931,0
498,4.789666392,4.743682578,0
499,4.660470435,4.506199945,0
500,4.709041942,4.644074933,0
501,4.839614732,4.739180538,0
502,5.748115219,5.548422307,0
504,4.982547298,4.96090603,0
505,5.141183988,5.192198357,0
506,5.447416986,5.656471278,0
507,5.477166349,5.506215678,0
509,4.756995332,4.868051445,0
511,5.322126056,5.412798339,0
512,4.957517403,5.138736627,0
513,4.724408288,4.7571887,0
515,4.583694429,4.593989733,0
519,5.267542264,5.26704478,0
525,5.436601218,5.537167206,0
526,5.44222,5.560802919,0
529,5.033928196,4.971598376,0
530,4.884365229,4.790954003,0
531,5.002014994,5.079084591,0
532,5.425421096,5.395352932,0
533,5.710584094,5.537729961,0
538,5.5693087,5.239469782,0
539,5.149078058,4.996359598,0
545,4.505345268,4.684593297,0
546,5.096545799,5.174190196,0
548,4.785873672,4.712168295,0
549,5.699656876,5.511280474,0
550,4.758231567,4.744245333,0
551,4.581952384,4.486503518,0
552,5.170315233,5.259728964,0
554,5.197986487,5.389725382,0
555,5.626477268,5.234967742,0
558,5.023140719,4.833160632,0
559,5.264846038,5.579936591,0
560,5.208324735,5.109473364,0
561,5.35173482,5.150554483,0
562,4.860823616,4.774071351,0
564,5.224701845,5.2192106,0
565,5.329598332,5.26591927,0
566,4.935801852,4.569791266,0
567,4.837535766,5.138736627,0
569,5.220741093,5.152242748,0
570,4.641788888,4.500572394,0
571,5.267935767,4.689095338,0
572,4.858183115,4.360446385,0
577,5.230151736,4.619313711,0
578,4.947909579,4.739180538,0
580,5.622375061,5.225963661,0
581,4.923947029,5.077396326,0
582,5.331930203,5.411672829,0
583,5.230067721,5.111161629,0
584,5.231387971,5.203453458,0
586,5.621279424,5.632835566,0
587,4.834277148,4.892249913,0
588,5.759409364,5.72569015,0
589,5.280605887,4.994108578,0
591,5.13463846,4.76281625,0
592,4.9994868,5.054323369,0
593,5.642882669,5.102720304,0
594,4.488854995,4.70935452,0
596,4.747162894,4.739180538,0
597,5.438764201,5.394790177,0
601,4.356709906,4.543904534,0
602,4.860262081,4.775196861,0
603,5.721708491,5.540543737,0
604,5.061655174,4.860172875,0
605,5.415784981,5.379595791,0
608,5.4305615,5.431932011,0
609,5.31476523,5.004238169,0
610,5.378422744,5.193886623,0
611,4.479360335,4.603556569,0
612,4.955999972,4.422349442,0
613,4.66384136,4.50563719,0
614,4.920014568,4.988481027,0
615,4.9994868,4.992420313,0
616,4.512508914,4.469620866,0
617,4.903524295,4.957529499,0
618,5.147701225,5.139862137,0
619,5.426853654,5.239469782,0
621,5.761993283,5.384097831,0
622,5.693756899,5.247911108,0
623,5.337688725,5.278862636,0
624,5.476014987,5.355397323,0
626,4.667802112,4.379580057,0
627,5.339486495,5.145489688,0
629,5.264901763,5.527037615,0
631,5.344403142,5.617078424,0
634,5.055277678,5.110598874,0
635,5.812109655,5.575997305,0
636,5.16242202,5.278862636,0
637,5.359094789,5.22146162,0
638,5.124722005,5.579936591,0
639,4.862649677,4.785889207,0
640,4.760843777,4.922638686,0
641,5.26223297,5.443187112,0
642,5.599479857,5.37284273,0
643,4.701176163,4.60805861,0
645,5.233410355,5.392539157,0
647,5.455423363,5.690236581,0
649,4.802841465,4.533774943,0
652,4.595802157,5.036877962,0
654,5.187872852,5.01999531,0
655,4.684320677,4.551220349,0
656,4.876948678,4.708791765,0
657,5.368843211,5.596256487,0
658,4.715896101,4.779698902,0
660,5.016005365,5.188821827,0
661,5.472783802,5.552924348,0
662,4.955522453,4.717795846,0
663,4.434665564,4.347503019,0
664,4.558271031,4.717233091,0
665,4.827787344,5.155619279,0
666,5.059014673,5.067266735,0
667,4.770282712,4.76169074,0
669,5.364572972,4.933893787,0
670,5.518883698,5.290680492,0
671,4.647519976,4.373389752,0
672,5.433202002,5.284490186,0
673,5.168011653,5.26591927,0
674,5.025472591,5.241158047,0
675,4.739746343,4.420098421,0
678,5.051261201,4.630568812,0
679,5.335132239,5.191635602,0
680,5.596052349,5.52872588,0
681,5.042299785,5.003675414,0
682,5.519867027,5.496648842,0
687,5.378422744,5.551236083,0
688,4.665526823,4.395899954,0
689,4.779468742,5.155056524,0
691,5.357241294,5.428555481,0
692,5.290016531,5.21470856,0
693,5.444382982,4.678402992,0
695,4.964765065,4.741994313,0
696,4.52427972,5.199514173,0
697,5.615436029,5.72681566,0
698,5.833936656,5.651406483,0
699,5.219926652,5.482579966,0
700,4.748062208,4.750998394,0
702,5.359039064,5.243409067,0
703,5.562370525,5.479766191,0
704,4.773400733,4.646325954,0
706,4.832253906,4.829784102,0
707,5.290297727,5.486519251,0
708,5.043620036,4.861298385,0
709,5.232230703,5.099906528,0
710,5.268469869,5.303623858,0
711,5.35830864,5.413361094,0
713,5.571893476,5.728503925,0
714,4.897259105,4.896189198,0
715,4.980187993,5.499462618,0
716,5.537508662,5.37396824,0
717,5.433427473,5.434183031,0
718,4.932094005,5.050384083,0
719,4.826438802,4.415596381,0
721,5.389771756,5.213583049,0
722,4.636620192,4.704852479,0
724,5.497561649,5.770147799,0
727,5.817671854,5.696426887,0
728,5.840791672,5.501150883,0
729,5.585855556,5.617078424,0
730,5.62285258,5.242283557,0
731,4.853800569,5.202890703,0
732,4.835232186,4.615937181,0
734,5.105928152,4.712168295,0
736,4.421321602,4.550094839,0
737,4.974147418,4.844415733,0
738,5.343953057,4.608621365,0
739,4.878999353,4.518580556,0
740,4.972743151,5.333449876,0
741,5.011791707,5.262542739,0
743,5.327519365,5.240032537,0
744,5.026876857,4.694722888,0
746,4.49090567,4.689095338,0
747,5.350724057,5.559677409,0
748,5.143430986,5.222024375,0
749,5.378900263,5.416174869,0
750,5.135340593,4.747059109,0
752,5.420897951,5.599633017,0
753,4.680443941,4.45892852,0
754,4.41078703,4.437543828,0
756,4.790649722,4.548406574,0
757,5.480593857,5.308125899,0
758,5.089635058,5.094841733,0
759,4.763455987,4.652516259,0
762,4.756180892,4.516329536,0
763,4.864785226,4.883245832,0
764,5.45061988,5.610325364,0
765,5.224421506,5.236656007,0
766,5.798428772,5.364964159,0
771,5.125845933,5.507341188,0
773,5.659176619,5.762831984,0
777,5.674457235,5.739196271,0
778,4.908833589,4.913634605,0
780,5.650917337,5.515782514,0
782,4.553916776,5.046444798,0
784,5.069436938,5.049821328,0
785,4.82986631,4.76506727,0
786,5.045221483,4.71385656,0
787,4.638109332,4.784200942,0
788,5.464665975,5.82811157,0
789,5.514079357,5.537729961,0
790,4.655863274,4.684030542,0
791,4.494641808,4.412782606,0
793,5.148010713,5.244534577,0
794,4.842900785,4.911383585,0
796,4.937684495,5.189947337,0
797,5.182310653,5.045319288,0
798,4.737442763,4.982290722,0
801,5.199447336,5.192761112,0
803,5.606531195,5.579373835,0
804,5.53843541,5.465697314,0
805,4.803038645,5.178129481,0
807,4.357328023,4.434730053,0
808,4.687214084,4.71160554,0
809,5.559729167,5.700928927,0
810,4.86731342,5.089776937,0
812,5.465255802,5.451065683,0
813,4.48879927,4.427414237,0
814,5.263918433,5.568681489,0
815,5.127643703,4.650827994,0
817,5.366455615,5.224838151,0
818,4.676230284,4.487629028,0
822,4.782222407,4.767318291,0
825,4.758511906,4.937270317,0
826,5.53253629,5.57205802,0
827,5.538969511,5.757204433,0
828,4.909872643,4.56134994,0
829,4.962377469,4.508450965,0
830,4.552287038,4.583297387,0
831,4.610101157,4.827533081,0
832,5.203014584,5.042505513,0
833,4.585661089,4.442608624,0
834,4.890461529,4.536025963,0
838,4.960186195,4.978914191,0
839,5.018927062,4.749310129,0
840,4.715924392,4.678402992,0
843,4.837366877,4.766755535,0
844,4.989739235,5.505652923,0
847,4.617095914,4.449361684,0
848,4.457475894,4.442045868,0
851,5.182030314,5.261417229,0
852,5.532311676,5.489333027,0
853,4.844755137,5.373405485,0
856,5.631588524,5.465134559,0
859,4.915210228,4.654767279,0
861,5.041006969,4.943460623,0
862,4.796408244,4.744245333,0
863,5.225291671,5.216396825,0
864,5.087527801,5.191072847,0
867,4.783795563,4.720609621,0
868,5.29588736,5.040254492,0
870,4.783851288,4.475811172,0
871,4.96203969,4.911383585,0
872,5.10359628,5.137048362,0
875,4.629821759,4.368887711,0
876,5.002239608,4.66264585,0
878,5.244534753,5.31825549,0
879,5.748480431,5.82586055,0
880,4.92445284,4.651953504,0
881,4.726093751,4.393648934,0
886,4.503716388,4.448798929,0
887,5.729209916,5.765083004,0
888,5.580770876,5.591754447,0
890,4.70687896,4.750435639,0
892,5.216892648,5.205141724,0
893,5.069857875,5.077396326,0
894,5.512450476,5.423490685,0
900,4.814808594,4.830346857,0
901,4.96830488,4.793205023,0
902,4.60408973,4.386333118,0
903,4.922092677,4.776885126,0
904,5.234365394,5.574871795,0
905,4.569114233,4.368324956,0
906,5.033365804,4.595677999,0
908,5.344852371,5.130858056,0
909,5.434494819,5.737508006,0
910,5.128682757,5.313190694,0
911,5.222875784,5.107222344,0
913,5.580124468,5.453316703,0
914,4.792616381,4.820780021,0
916,4.772782615,4.689658093,0
918,4.830680751,5.032938677,0
919,5.008701121,5.009865719,0
920,5.327491074,5.731880455,0
923,5.086348148,4.805022879,0
924,4.929762133,5.059388164,0
925,4.464190312,4.601868304,0
929,4.956028263,5.260854474,0
930,4.472364721,4.372826997,0
931,4.918581153,4.685156052,0
933,5.227848156,5.110598874,0
934,4.890488963,4.949650928,0
935,5.689796147,5.67898148,0
936,4.768288619,4.682342277,0
937,5.012437259,4.678402992,0
938,4.983081399,5.293494267,0
939,4.584621177,4.526459127,0
940,4.90279387,4.81515247,0
941,4.849165974,4.983978987,0
942,5.38918193,5.153931014,0
943,5.192508304,5.418988645,0
945,4.731768257,4.551783104,0
946,5.458345061,5.395352932,0
949,4.720222922,4.582171877,0
950,5.249198496,5.248473863,0
951,5.266868422,5.174190196,0
952,4.842423266,4.886622362,0
954,4.571783025,4.522519841,0
955,5.016061089,4.915885625,0
956,5.141942704,5.382972321,0
958,5.451630643,5.494960577,0
959,5.082864916,5.059950919,0
960,4.47612915,4.436981073,0
961,5.157702553,5.124104996,0
962,5.456574725,4.982290722,0
963,4.989008811,4.863549405,0
964,5.232679931,5.106096834,0
965,4.903130792,4.777447882,0
966,4.913721945,4.782512677,0
969,5.241781945,5.192198357,0
971,4.509727815,4.355944345,0
974,4.614483704,4.420661176,0
977,4.776603626,4.76394176,0
978,5.574449962,5.128044281,0
979,4.969456241,4.86186114,0
982,4.967715053,4.830346857,0
983,5.117867847,4.728488192,0
984,5.104832515,4.626066772,0
985,5.457305149,5.449940173,0
986,4.760590872,4.602993814,0
987,5.173742741,5.112849895,0
990,4.926391208,5.038566227,0
992,5.020612525,4.778573392,0
994,5.546919306,5.431932011,0
998,5.578635328,5.259166209,0
999,5.08769669,5.103283059,0
1000,4.769158784,4.517455046,0
1003,5.302630069,5.375656505,0
1004,4.738538399,4.501135149,0
1005,5.199531352,5.225963661,0
1006,5.165821237,4.898440218,0
1008,5.832083161,5.705993723,0
1012,5.175007267,5.059950919,0
1014,4.790227927,4.781387167,0
1015,5.247091238,5.196137643,0
1016,4.621225555,4.529835657,0
1020,5.424015972,5.488770272,0
1021,4.664571785,4.983416232,0
1022,4.879842084,4.511827495,0
1023,4.646789551,4.725674416,0
1024,4.59290875,4.483689743,0
1025,4.688646641,4.627755037,0
1027,5.245125437,4.839350938,0
1028,4.367328493,4.380142812,0
1029,5.034377424,4.987918272,0
1030,4.709041942,4.683467787,0
1031,5.33794163,5.420114155,0
1032,5.466294856,5.521410065,0
1033,4.410983353,4.469058111,0
1035,4.956477491,5.054323369,0
1037,4.656790022,4.96090603,0
1038,4.83413655,4.723423396,0
1039,4.905827875,4.959780519,0
1040,5.190345322,4.80839941,0
1041,4.815455003,5.153368259,0
1042,5.043283115,4.497758619,0
1043,5.114973583,5.135922852,0
1044,5.266222013,5.200076928,0
1045,4.823854883,4.993545823,0
1046,5.288724571,5.431369256,0
1047,5.725473778,5.7313177,0
1048,4.812673903,4.724548906,0
1049,5.596249529,5.492146802,0
1050,4.704463073,4.805022879,0
1051,5.411149529,5.312627939,0
1052,4.674432514,4.438669338,0
1053,5.189418574,4.783075432,0
1054,5.741513966,5.756641678,0
1055,5.336790268,5.250724883,0
1056,4.943667631,4.709917275,0
1061,5.002970033,4.699224929,0
1063,5.365387412,5.788155961,0
1065,4.99178991,5.094278978,0
1067,5.061683466,4.959780519,0
1068,5.251557801,5.456693233,0
1069,4.675443277,4.550657594,0
1070,5.484470593,4.985104497,0
1074,4.950269741,4.978351436,0
1076,4.756685845,4.56134994,0
1077,4.74134779,4.826970326,0
1078,4.730784927,4.822468286,0
1079,4.777277469,4.842727468,0
1080,4.940072091,4.876492771,0
1081,4.930183928,4.947962663,0
1082,4.728088701,4.373952507,0
1083,5.070307103,4.947399908,0
1084,5.103765169,5.144364178,0
1087,4.470174305,4.436418318,0
1089,4.600072396,4.368324956,0
1090,5.124413375,4.738617783,0
1091,5.689430935,5.790969736,0
1092,4.851862201,5.17137642,0
1093,5.782416017,5.5197218,0
1094,4.59439789,4.486503518,0
1097,4.976114077,5.000861638,0
1098,5.400250603,5.306437634,0
1099,4.460594772,4.379017302,0
1100,4.567822273,4.681779522,0
1104,5.583439668,5.436996806,0
1107,5.76963359,5.72906668,0
1109,5.115395378,5.11341265,0
1111,5.693897497,5.682358011,0
1112,5.418116852,5.363275894,0
1114,4.994008617,4.688532583,0
1115,4.64625545,4.444859644,0
1116,5.040023639,4.931080012,0
1117,4.463796809,4.784763697,0
1118,5.510118605,5.540543737,0
1119,5.018758173,4.887185117,0
1120,5.135313159,4.702038704,0
1121,4.791520744,4.613123405,0
1122,5.198548022,5.309251409,0
1125,4.881949341,4.919262155,0
1126,5.315215315,5.479766191,0
1128,5.079409117,5.649718217,0
1129,5.166719693,5.404919768,0
1131,5.359797779,5.307000389,0
1132,4.889506491,4.822468286,0
1133,5.283836215,5.306437634,0
1134,4.998588344,4.996922353,0
1136,5.12416047,5.173627441,0
1137,4.593582593,4.636196363,0
1139,5.42876373,5.511843229,0
1140,5.390923975,5.281113656,0
1144,4.784638295,4.883808587,0
1145,4.832788008,4.523645352,0
1146,5.076319387,4.935019297,0
1147,5.154640257,4.7571887,0
1148,4.657997965,4.952464704,0
1150,4.842114636,4.841601958,0
1151,5.240321096,5.139299382,0
1154,4.964175238,5.278299881,0
1155,5.211330449,5.336263652,0
1159,5.37800095,5.336263652,0
1161,5.367241764,5.27492335,0
1164,5.566892813,5.556863633,0
1165,5.518012675,5.355397323,0
1170,4.639092662,4.547843819,0
1171,4.717638146,4.71385656,0
1172,5.469834671,5.26591927,0
1173,5.025697205,5.027873881,0
1174,4.759860448,4.745370843,0
1175,4.64496349,4.467932601,0
1178,5.114973583,5.330636101,0
1180,4.93675689,5.302498348,0
1185,5.491128428,5.637337606,0
1187,4.899535252,4.959217764,0
1189,4.610101157,4.613123405,0
1193,4.777389776,5.243409067,0
1194,5.429269541,5.347518753,0
1195,5.484329994,5.613139139,0
1198,4.603555629,4.86636318,0
1199,5.342211869,5.37284273,0
1200,5.671115457,5.484830986,0
1201,4.769496563,5.116226425,0
1202,5.676677656,5.316567225,0
1204,4.747022296,4.939521337,0
1209,5.294146172,5.394790177,0
1210,4.901641652,5.21470856,0
1214,5.701314905,5.398729463,0
1217,5.69249323,4.355944345,0
1218,5.6568156,5.236656007,0
1219,5.309708841,5.786467696,0
1220,4.988671889,5.061639184,0
1221,4.617658306,5.048133063,0
1222,5.77241469,5.659285053,0
1226,5.270632851,4.998047863,0
1227,5.120761253,5.475826905,0
1228,4.871021267,4.827533081,0
1229,4.529448416,4.632819832,0
1230,5.728928719,5.663224339,0
1233,5.375950275,5.354271813,0
1234,5.285015867,5.686860051,0
1239,5.347717486,5.386348851,0
1240,5.080280139,5.539418227,0
1242,5.111462059,5.211894784,0
1244,4.927430262,5.052072349,0
1245,5.293893267,5.222024375,0
1246,4.600578206,4.725111661,0
1247,5.310720462,5.587252406,0
1248,5.361005723,5.338514672,0
1250,5.316816762,5.635086586,0
1251,5.088370532,5.67898148,0
1252,5.665074882,5.758892698,0
1253,5.050108982,4.740306048,0
1255,5.205205857,5.056574389,0
1256,4.779188403,4.697536664,0
1257,4.532033193,4.51013923,0
1258,4.977125697,4.628880547,0
1259,4.842985658,4.572042286,0
1260,4.905658986,4.862423895,0
1261,4.663308116,4.355944345,0
1265,4.821438996,4.807836654,0
1266,5.009712741,4.980602457,0
1268,4.973783063,5.647467197,0
1270,4.99178991,5.388037117,0
1272,4.402640055,4.616499936,0
1273,4.485708683,4.56134994,0
1274,5.183238258,5.0188698,0
1275,4.754438847,4.487066273,0
1276,5.263244591,5.336263652,0
1277,5.488965446,5.592317202,0
1278,4.358198188,4.351442305,0
1280,4.708115195,4.500572394,0
1281,5.41907189,5.610888119,0
1282,4.654655331,4.564726471,0
1283,5.028141383,4.726237171,0
1284,4.749719379,4.942335113,0
1287,5.611391261,5.273235085,0
1288,5.40789091,4.992420313,0
1289,4.854250654,4.568103001,0
1290,4.862622243,4.871990731,0
1291,4.584453145,4.965970825,0
1293,4.991565296,5.143238668,0
1294,4.691343725,4.720046866,0
1295,5.190653952,5.261417229,0
1297,5.336087278,5.492146802,0
1300,5.27060456,5.334575386,0
1301,5.392749178,5.355397323,0
1302,5.156774948,5.442624357,0
1305,5.046429427,4.829784102,0
1308,4.731374754,4.674463706,0
1311,4.807252302,4.939521337,0
1312,5.194952482,5.217522335,0
1313,5.654905523,4.969347355,0
1314,5.051261201,4.752123904,0
1317,4.788233834,4.589487693,0
1320,5.282066736,5.241158047,0
1323,5.174164535,5.110036119,0
1326,4.404016887,4.363260161,0
1331,4.513435662,4.55797341,0
1332,5.045446097,4.896189198,0
1333,4.934481601,5.188821827,0
1334,4.732751586,5.028436636,0
1338,4.940661917,4.957529499,0
1340,5.011538802,5.060513674,0
1342,4.60819108,4.680091257,0
1343,5.017803135,5.048133063,0
1344,5.114130852,5.023934596,0
1345,4.5997912,4.735804007,0
1346,4.607263476,4.527584637,0
1347,4.891837505,4.875367261,0
1348,5.701090291,5.538292716,0
1349,5.530401599,5.356522834,0
1350,5.204616031,5.042505513,0
1355,4.542398875,4.668836156,0
1356,4.985440705,5.028999391,0
1357,5.387973986,5.309251409,0
1358,5.406486644,5.22258713,0
1360,4.535488134,4.450487194,0
1361,5.433736103,5.482017211,0
1363,4.973164945,4.817966245,0
1364,5.533210132,5.491584047,0
1366,5.224617829,5.2692958,0
1367,5.2632163,5.276611616,0
1368,5.336227876,5.640151381,0
1373,4.593189947,4.350316794,0
1375,4.391262752,4.483126988,0
1376,5.772836484,5.296308043,0
1377,5.246866624,5.071768775,0
1378,5.320524609,5.145489688,0
1379,5.470367915,5.328947836,0
1380,5.399800517,5.075708061,0
1381,4.34873182,4.498321374,0
1383,5.658080983,5.588377916,0
1384,4.778401396,4.749310129,0
1385,5.147055674,5.284490186,0
1389,4.56383323,4.769569311,0
1390,5.057778438,4.436418318,0
1391,4.943920536,4.556285145,0
1392,4.975187329,5.07120602,0
1393,5.110254116,5.207955499,0
1394,4.770563908,4.626066772,0
1395,4.857705596,4.566977491,0
1396,5.403031702,5.662098829,0
1399,5.046176521,5.042505513,0
1400,5.582146852,5.028999391,0
1403,4.989289149,4.96653358,0
1406,4.364041584,4.433604543,0
1408,5.239225459,5.124667751,0
1412,4.885376849,4.530961167,0
1416,4.703676066,4.741994313,0
1417,4.533241136,4.521394331,0
1418,5.366090403,5.321069265,0
1423,5.251754981,5.186008052,0
1424,4.880431911,4.879306547,0
1425,5.322715882,5.2192106,0
1427,4.721739496,4.930517257,0
1430,5.169866005,5.193323867,0
1431,5.335132239,4.944586133,0
1432,4.560405722,4.583297387,0
1436,4.7678111,4.545592799,0
1437,5.149302672,5.058825409,0
1438,4.392611293,4.479187702,0
1440,5.533323296,5.649718217,0
1441,4.581868368,4.844978488,0
1444,4.682606923,4.597929019,0
1445,4.989037102,4.947962663,0
1448,5.574421671,5.663787094,0
1450,5.239506655,5.420114155,0
1452,5.274734201,5.261979984,0
1453,5.269143711,4.937270317,0
1454,5.181720827,5.100469283,0
1455,4.554928397,4.45330097,0
1457,5.036737587,5.024497351,0
1459,5.555178589,5.638463116,0
1460,5.152673598,4.906881544,0
1463,5.216723758,5.110598874,0
1465,5.726120186,5.777463615,0
1466,5.058087068,5.06332745,0
1468,4.553214643,4.531523922,0
1470,4.680696846,4.747059109,0
1472,5.259536744,5.231591211,0
1473,5.060025437,4.8686142,0
1474,5.419212488,5.590628937,0
1475,5.102922438,5.202890703,0
1477,4.434721288,4.396462709,0
1479,4.745758627,4.492131068,0
1480,4.790172202,4.384082098,0
1483,4.58681245,4.457240255,0
1484,5.692212034,5.000861638,0
1486,4.977631508,4.737492273,0
1487,4.52736945,4.464556071,0
1488,4.557568898,4.379580057,0
1489,5.066262335,4.851168794,0
1491,4.454077535,4.445985154,0
1492,4.856581668,4.891124403,0
1493,4.588020394,4.55572239,0
1494,5.292067206,5.054886124,0
1496,4.896809877,5.053760614,0
1499,4.704012987,4.696411154,0
1500,5.125480721,5.021683576,0
1504,5.086825668,5.000298883,0
1505,4.799470539,4.924326951,0
1508,4.388144731,4.50788821,0
1511,4.702159492,4.891687158,0
1512,5.263132284,5.335700896,0
1514,5.113569317,4.778573392,0
1515,4.646536646,4.46117954,0
1517,5.038928002,5.083023877,0
1520,5.076122207,4.938395827,0
1522,5.408481594,5.023934596,0
1523,4.612488753,4.484815253,0
1524,4.895714241,4.947399908,0
1525,5.03774835,4.631694322,0
1527,5.3793212,5.342453957,0
1528,4.781351385,4.579358102,0
1529,4.716626525,4.505074435,0
1530,4.656987202,4.50901372,0
1531,5.246894915,5.27154682,0
1532,5.47980685,5.200639683,0
1533,5.649202726,5.452191193,0
1535,4.419636139,4.447110664,0
1537,4.886275306,4.853419814,0
1538,5.70429147,5.636212096,0
1539,4.385420214,4.475811172,0
1541,4.747359217,4.649702484,0
1542,5.690161359,5.505652923,0
1545,4.758961991,4.526459127,0
1546,4.590015344,4.51013923,0
1547,5.283134081,4.971035621,0
1548,4.665526823,4.541090758,0
1549,5.125058927,5.263105494,0
1550,4.564620237,4.631694322,0
1552,5.542199839,5.442624357,0
1553,4.951280505,4.618750956,0
1555,5.140902792,5.180943256,0
1557,5.271784212,5.263105494,0
1558,4.529925935,4.514641271,0
1560,5.57032032,5.166311625,0
1562,5.373956182,5.214145804,0
1564,5.133908035,4.739743293,0
1565,5.314737796,5.001987149,0
1567,5.159893826,4.756625944,0
1569,5.016538609,4.939521337,0
1570,4.79421697,4.56247545,0
1571,5.061373978,4.687407073,0
1572,4.429609175,4.56360096,0
1574,5.199222721,5.263668249,0
1576,5.544644017,5.720062599,0
1577,4.975608266,4.856796344,0
1582,5.449720566,4.976100416,0
1584,4.561276745,4.516892291,0
1585,5.556077902,5.337951917,0
1586,4.351399755,4.519143311,0
1588,5.178574516,5.460069764,0
1590,4.96830488,4.682342277,0
1591,4.94465096,5.585001386,0
1592,5.227062007,4.919262155,0
1593,4.966113607,5.257477944,0
1594,5.05154154,5.099343773,0
1596,4.897259105,5.091465202,0
1598,5.290072256,5.245097333,0
1599,5.501747016,5.764520249,0
1600,5.490145099,5.174190196,0
1601,5.451350304,5.731880455,0
1602,5.580012161,5.439810582,0
1604,4.739886941,4.367762201,0
1605,5.037215106,4.945711643,0
1606,5.033928196,5.028436636,0
1609,5.16862977,5.443187112,0
1610,5.200626988,4.929391746,0
1611,5.053255294,4.841601958,0
1612,5.020331329,4.394774444,0
1613,5.586922901,5.284490186,0
1614,4.883522497,4.636196363,0
1616,5.157533664,5.203453458,0
1617,4.868942301,4.854545324,0
1619,5.469441168,5.605823323,0
1621,5.263890999,4.875930016,0
1623,4.840316866,5.133671832,0
1624,5.29080268,5.492709557,0
1626,5.094073329,4.983978987,0
1627,4.738342076,4.849480529,0
1628,4.847087008,4.720609621,0
1654,4.359181518,4.358195365,1
1669,5.024517552,5.159558564,1
1671,4.565715873,4.421786686,1
1749,4.343365944,4.389146893,1
1762,4.576250445,4.617625446,1
1879,5.382720417,5.602446793,1
1891,4.38530705,4.604682079,1
1924,4.383649878,4.669398911,1
1964,4.392976506,4.452175459,1
2079,4.732723295,4.901816749,1
2163,4.519587687,4.559661675,1
2182,4.379970322,4.714419315,1
2197,4.574283786,4.366073936,1
2238,4.779215837,4.845541243,1
2359,4.396404014,4.388584138,1
2376,4.97271486,5.264793759,1
2431,4.642688201,5.179254991,1
2505,4.499530164,4.91419736,1
2538,5.016595191,4.678402992,1
2642,4.36544585,4.533774943,1
2693,4.813573217,4.602431059,1
2694,4.719070703,4.537714228,1
2752,5.06123338,5.383535076,1
2979,4.429496868,4.369450466,1
2985,4.427417902,4.412782606,1
3040,4.352243344,4.602431059,1
3051,4.507789447,4.829221347,1
3072,4.462786045,4.988481027,1
3131,4.620327099,4.96315705,1
3147,5.024657293,4.995234088,1
3175,4.380981085,4.819654511,1
3294,5.188603277,5.182068766,1
3342,5.062610213,5.480891701,1
3396,4.379997756,4.547843819,1
3408,4.81247758,5.065015715,1
3412,4.783795563,5.236093252,1
3417,4.369856688,4.541653513,1
3427,4.461802716,4.468495356,1
3446,4.496412144,5.138736627,1
3449,4.713451922,4.679528502,1
3472,4.500654092,4.646888709,1
3473,4.938611242,5.074582551,1
3486,5.152364968,5.238344272,1
3487,4.845654451,4.715544825,1
3527,4.358956904,4.347503019,1
3575,4.837732089,4.904630524,1
3632,4.359153227,4.526459127,1
3643,4.662577692,4.666585136,1
3661,4.681511287,4.770132066,1
3671,4.657240107,4.553471369,1
3718,4.613865586,4.354818835,1
3784,4.424299024,4.550657594,1
3798,4.374969658,4.445985154,1
