0,1.121396756,1.149036151,-0.97561433,0.35443211,0,?
1,1.446538224,1.064064941,-0.894710022,-0.128720509,0,0
2,1.207369465,-0.777068802,0.12217383,0.617847883,0,?
3,1.063354625,1.295005341,-1.254939526,-1.143611831,0,?
4,-0.036758348,-1.086642073,0.736461885,0.096551762,0,0
5,1.384098961,1.320392769,-1.243199469,-0.938044339,0,0
6,1.110702933,0.185813289,-0.155160661,0.835723722,0,0
7,0.583398962,-1.487865662,1.639425418,0.280577265,0,?
8,0.974215981,0.653674616,-0.499086334,0.27565107,0,0
9,0.387603505,1.236120139,-0.851369257,0.217184039,0,0
10,0.278238059,1.168085241,-0.83784267,0.183333704,0,0
11,1.250953829,-0.788706126,0.231314599,0.977893229,0,?
12,0.515542434,0.978037342,-0.288556481,-0.913437163,0,0
13,-0.707246981,1.519948174,0.266488368,-0.830334399,0,0
14,1.044851497,1.159259276,-1.01835185,0.294732341,0,?
15,1.492479451,-0.90506233,0.48537315,1.270223623,0,?
16,0.787320318,0.194622215,-0.238060314,0.846185342,0,0
17,0.130089915,0.157597463,0.683585224,0.853567495,0,0
18,0.356753233,-1.158919569,1.611397772,-0.436429199,0,?
19,1.691511196,1.551333168,-1.334242916,-1.384876386,0,0
20,1.883015053,1.016834103,-0.93206475,0.33535084,0,?
21,-0.036772419,-1.086642073,0.736461885,0.096551762,0,0
22,1.232063754,1.403949779,-1.211389946,-1.344848078,0,0
23,0.176625634,1.186418712,-0.714780884,-0.222865565,0,?
24,1.407104752,1.357059711,-1.409996448,-1.216862205,0,0
25,0.095669172,-1.264337029,1.61000567,-0.799539732,0,?
26,0.249568763,-0.965003921,0.969847726,0.264575461,0,?
27,-0.287000842,1.102146083,0.177440265,-1.213149711,0,0
28,2.156200019,1.345422387,-1.347769504,-0.968172661,0,0
29,1.567793513,-0.899763343,0.469271175,1.086217159,0,?
30,-0.239853043,-0.357864439,0.81418756,0.640617851,0,?
31,0.370999938,0.29051513,0.443238874,0.800026659,0,?
32,1.358947371,0.970284806,-0.878190416,0.109478859,0,0
33,-0.492072487,1.275973289,0.077232148,-1.74736817,0,0
34,-0.721106739,-0.189685509,1.569634722,0.856646961,0,0
35,0.705428147,0.77003082,-0.511610609,0.238107278,0,0
36,0.793019,0.698094096,-0.432488191,0.237493289,0,0
37,1.123964681,-0.188980114,0.053380807,0.93665598,0,?
38,1.454277175,0.216482665,-0.81278484,0.708318522,0,0
39,1.071761939,1.325333946,-1.19528797,-1.069123957,0,?
40,1.314694643,1.158560696,-1.025521174,0.283037983,0,?
41,-0.225110342,1.243531905,-1.183756728,-2.67425433,0,0
42,-0.154999633,1.25586781,-0.419963917,-0.367510068,0,0
43,0.186675717,0.66742472,0.214818195,0.598768993,0,?
44,0.852116443,0.851117242,-0.508429656,0.797561181,0,?
45,-0.429383468,1.302417107,-1.202851722,-3.004142796,0,0
46,0.580619975,0.801398776,-0.212018733,-0.486309896,0,0
47,-0.429383468,1.302417107,-1.202851722,-3.004142796,0,0
48,1.222917721,0.705846632,-0.893503534,0.242414724,0,0
49,0.422534315,0.232345548,0.342845143,0.608616147,0,?
50,1.368445174,-1.159618149,0.472844235,0.292266864,0,?
51,1.698441075,0.35117234,-0.685569951,1.048045098,0,?
52,0.953813293,0.664954131,-0.443620364,-0.144094044,0,0
53,0.744087724,0.720312355,-0.59352883,-0.021629317,0,0
54,1.580386897,0.608897328,-0.899071941,0.326117199,0,0
55,1.545245025,-0.190743603,0.055561766,1.132385361,0,?
56,0.749188396,0.827144014,-0.46807495,0.750788509,0,?
57,1.890155994,0.526038898,-0.843619892,0.776023953,0,?
58,0.951175014,-1.027756872,0.736067456,1.038206988,0,0
59,-0.427972868,1.608088552,-0.411613627,-2.788104165,0,0
60,0.863337922,-0.251385478,0.740847005,0.451056923,0,?
61,0.02213155,0.614179276,0.088368961,0.342737752,0,?
62,1.345474561,1.597166846,-1.274220134,-1.501201218,0,0
63,0.478465824,-0.517929615,0.034285812,0.443056021,0,?
64,1.747724121,0.201318362,-0.591927913,1.312108178,0,?
65,0.739760947,0.115290763,0.161523903,0.662778588,0,?
66,1.467468568,-1.022117114,0.315791968,0.719398891,0,0
67,0.699940527,1.296777349,-1.038630131,-0.753419125,0,?
68,0.199511822,0.998841402,-0.38974603,-0.69925478,0,0
69,-0.109216035,1.203337984,-0.541232211,-0.590926091,0,0
70,1.237938321,-0.728764535,0.227741538,0.796947192,0,?
71,1.3028048,-0.243629534,-0.070678652,1.437047901,0,0
72,1.507113103,1.378920161,-1.240415265,-1.269170303,0,0
73,1.312689551,-0.915285455,0.520964549,1.08497966,0,?
74,1.397642125,1.530886918,-1.38633072,-1.539944431,0,0
75,0.658818556,0.275010057,-0.190745099,0.766790312,0,0
76,1.181866104,1.033037756,-0.915382732,-0.323816861,0,0
77,-0.135276952,0.719255965,0.089366634,0.223952203,0,?
78,-0.065213064,0.974868174,-0.094924423,0.151330096,0,?
79,0.245523403,0.347986133,0.464097197,0.968659588,0,0
80,0.833542961,1.220615066,-1.105427809,0.080559477,0,0
81,1.419205657,0.062760938,-0.102079825,0.962505414,0,?
82,1.61278496,1.137398827,-1.005822935,-0.042523999,0,0
83,0.503969185,0.997427203,-0.37960689,-0.843280534,0,0
84,0.988919988,0.802114395,-0.471453116,0.980967936,0,?
85,1.264919118,0.128342287,-0.1370703,0.908345829,0,?
86,-0.550533226,-0.00317822,1.423719267,1.05361384,0,0
87,0.15558624,0.833482351,-0.128919545,0.485526007,0,0
88,1.296613639,-0.803870428,0.156164312,0.88803658,0,?
89,1.185102393,-0.188627416,0.163913678,1.054803742,0,?
90,0.368256128,0.973811784,-0.971043596,0.074990735,0,?
91,1.276738606,0.283120403,-0.155956479,0.755095954,0,?
92,1.362289191,1.070778127,-0.969837108,-0.115155625,0,0
93,0.708769966,-1.403950843,1.523324141,0.665239305,0,0
94,0.998347437,-0.02362447,0.166697881,0.859107679,0,?
95,-0.379368739,-1.112370272,1.612372243,-0.722624458,0,?
96,0.886660305,-0.144206233,-0.174443589,0.992662294,0,0
97,0.607811835,-1.499860796,1.567059334,0.528606176,0,?
98,1.191188022,1.534413896,-1.254939526,-1.82613969,0,0
99,-1.117094784,1.615500318,0.264910652,-2.088346523,0,0
100,1.031800811,-1.211091585,0.532681405,0.023301387,0,?
101,1.451392657,-0.740061088,0.288553179,1.336715354,0,?
102,1.645992094,-0.412513859,-0.178420359,1.099734447,0,?
103,1.022232654,-1.113784471,0.599687897,0.454136389,0,?
104,1.32581059,-0.28875952,-0.101286327,1.030206086,0,?
105,1.094029012,-0.116348216,0.139064663,1.592734696,0,0
106,0.66128095,1.489636607,-1.143014553,-1.701818716,0,0
107,-0.806305552,1.016118484,-0.710418965,-0.307824577,0,0
108,0.940023889,1.29817451,-1.311180432,-1.338089434,0,0
109,0.873293027,1.517835394,-1.100068217,-1.394728775,0,0
110,1.251762901,-1.088754852,0.54124283,0.515064138,0,0
111,0.381412345,0.642735872,-0.302273787,0.55445561,0,0
112,0.98543746,1.31616721,-1.068444308,-0.667841364,0,0
113,1.331474095,0.833840161,-0.621347661,0.929273828,0,?
114,0.474244578,0.851117242,-0.61995556,-0.182884854,0,?
115,0.738494573,0.168876978,-0.514991095,0.508909964,0,?
116,1.218239173,0.936088452,-0.747588079,0.633849687,0,?
117,0.588956936,0.830313182,-0.363901663,0.800640648,0,0
118,0.866468679,-0.206962591,0.207045627,1.455467586,0,0
119,0.174465763,-0.974511428,0.752958289,0.426440227,0,?
120,1.06602808,1.493504356,-1.114778091,-1.388541284,0,0
121,1.279587947,1.444859319,-1.292294253,-1.697535068,0,0
122,-0.66517523,1.226612633,0.080016352,-1.871689144,0,0
123,-0.682869286,7.98756E-6,1.333859106,0.991434315,0,0
124,-0.475212128,1.374336793,-0.050400371,-1.920332343,0,0
125,0.900625594,0.899421509,-0.606243359,0.72001288,0,?
126,-0.976773534,1.879222872,0.447995221,-2.2612631,0,0
127,1.177750389,-0.819034731,0.199110648,0.492294171,0,?
128,1.489805995,-0.104370121,-0.311418503,1.475791115,0,?
129,1.066766798,-0.138208666,0.080016352,1.204398238,0,0
130,0.997608719,-1.067252212,0.531498118,0.425207489,0,?
131,1.652077724,1.14975177,-0.995103753,-0.150852688,0,0
132,0.555855333,0.718898156,-0.236271464,0.83818444,0,0
133,5.79517E-5,0.616309094,0.147417273,0.37474136,0,?
134,-0.518451757,1.27386051,-0.12474324,-1.971402942,0,0
135,1.310965876,1.584115323,-1.16268959,-1.375642745,0,?
136,1.760352682,1.285480796,-1.47083129,-1.298679876,0,0
137,1.617533861,1.070062508,-0.933456851,0.074990735,0,0
138,1.691335311,1.468116929,-1.279579725,-1.469787801,0,0
139,-0.225110342,1.243531905,-1.183756728,-2.67425433,0,0
140,0.583012015,-0.16676867,0.731682336,1.154517541,0,0
141,0.456585699,-0.386775437,0.647993825,0.095323783,0,?
142,1.315574069,0.240455894,-0.654758101,0.854800233,0,?
143,1.227490737,-0.880731292,0.478018213,0.965584881,0,?
144,1.201072773,1.40253558,-1.218953698,-1.442705629,0,0
145,0.030169506,-0.88355969,0.392543172,0.098408009,0,?
146,1.204696009,-0.193916179,-0.068288878,1.376696066,0,0
147,0.462882391,-0.357511741,0.878201034,1.182218462,0,0
148,1.123542556,-0.160069115,-0.164503983,0.868955309,0,0
149,0.810959295,0.933617863,-0.307641267,-0.637094293,0,0
150,1.446116099,1.074288067,-0.884965311,-0.188405999,0,0
151,-0.771656159,1.703640696,0.29651136,-1.014959613,0,0
152,1.630584547,-0.291226701,-0.277224774,1.1428565,0,?
153,1.064234051,1.565781852,-1.29964919,-1.856934357,0,0
154,0.528382057,1.063724171,-0.329708166,-0.507823326,0,0
155,0.721926183,-0.497130667,0.914790106,0.493526909,0,0
156,0.699623934,-1.107088324,1.055531583,0.669546751,0,0
157,1.236179468,-0.970285869,0.344631673,0.576612063,0,?
158,0.643622071,-1.091924021,0.523934366,0.27565107,0,?
159,0.324636587,0.39417762,0.170874186,0.72001288,0,0
160,1.622177232,0.336348809,-0.656150203,0.977893229,0,?
161,1.096174812,1.140585034,-1.085149528,-0.004399535,0,0
162,-0.091557156,1.013307124,-0.261916296,-1.235900639,0,0
163,0.691955337,1.267147325,-1.103038034,-1.028524497,0,?
164,1.565858776,-0.055009465,-0.324340642,1.347805242,0,?
165,1.322292885,-0.88425827,0.275235406,0.67077949,0,0
166,0.240211668,1.146224791,-0.547594116,-0.294878442,0,?
167,0.207461835,0.848288844,-0.789745558,-0.723861956,0,0
168,-0.786817467,1.696944549,0.15038709,-1.942464522,0,0
169,-0.111280927,0.741814995,-0.68378342,-0.61063087,0,0
170,0.048144978,-0.331766504,-0.036084926,0.299644257,0,?
171,1.273924443,-0.746399426,0.204864668,1.058516237,0,?
172,-0.748896608,-0.145961203,1.724297215,1.019130477,0,0
173,-0.54631198,1.500200503,0.161523903,-2.122187339,0,0
174,0.508718086,0.093430314,0.254168268,0.746481063,0,?
175,1.107818415,-0.974511428,0.473656295,0.507681985,0,?
176,-0.085453938,1.228026832,-1.188536277,-2.204052606,0,?
177,1.134271556,0.641338712,-0.722344636,0.454136389,0,0
178,-0.19881198,-0.630401031,1.608799182,0.734786705,0,?
179,0.689035642,1.341895409,-1.028699806,-0.776170054,0,?
180,0.425242948,0.18615406,-0.271259618,0.497215606,0,?
181,-0.194024383,-0.596562487,1.538822872,0.553840192,0,?
182,-0.397309034,1.140585034,0.103078836,-1.493205075,0,0
183,0.882368705,0.935032062,-0.550974603,0.146403901,0,0
184,-0.770249077,1.707866254,0.393726458,-1.763979203,0,0
185,-0.593589934,1.52630355,0.123751545,-1.490730079,0,0
186,0.99366889,-1.087698463,0.55794805,0.495373637,0,?
187,0.491657217,0.757337107,-0.33269028,0.590767615,0,0
188,1.453081155,-0.94561406,0.341244226,0.699089641,0,0
189,0.810044692,-1.185005577,1.221145276,0.291652874,0,0
190,0.174465763,-0.974511428,0.752958289,0.426440227,0,?
191,1.242652046,1.405006169,-1.278582052,-1.624903443,0,0
192,0.360235761,-0.341998149,0.645209621,0.84864606,0,0
193,1.545491264,0.195320796,-0.165100267,0.951429805,0,?
194,-0.976069993,1.781557949,-0.160926282,-3.042314856,0,0
195,-0.806305552,1.016118484,-0.710418965,-0.307824577,0,0
196,1.305654141,0.908946054,-0.768655218,0.15748427,0,?
197,0.52131147,0.70867503,-0.269273553,-0.390260996,0,0
198,1.262069777,-0.700923557,0.247602188,1.110205585,0,?
199,1.918016217,0.673422287,-0.977795289,0.42397951,0,0
200,-0.887670068,1.517136814,0.223356418,-1.060509066,0,0
201,1.255421315,-0.939957264,0.501080697,0.694782195,0,?
202,-0.42937995,1.302417107,-1.202851722,-3.004142796,0,0
203,1.316312787,1.420869051,-1.218744883,-1.482115187,0,0
204,0.140421414,0.957233282,-0.173450556,0.126708641,0,?
205,1.538631739,0.052878584,-0.385372511,1.306539436,0,?
206,1.714024508,0.570117606,-0.994894938,0.316274329,0,0
207,0.748133085,1.251642251,-1.157515612,-0.078221063,0,0
208,0.588218218,0.968172026,-0.43507286,-0.311489475,0,?
209,0.611505425,-0.453411472,0.944209854,0.222724224,0,0
210,1.356484978,1.236835758,-1.393105615,-1.491967577,0,0
211,1.084109084,1.408533147,-1.31635441,-1.802151263,0,0
212,0.766952806,1.036922544,-1.188721891,-0.054851385,0,0
213,0.086934711,0.068758505,0.814581989,0.8289508,0,?
214,1.323524082,-0.200615734,-0.131105144,0.925580371,0,?
215,1.990375408,0.178043714,-0.632090046,1.259752485,0,?
216,0.312957806,0.234117556,-0.269470768,0.510142703,0,?
217,0.314013118,-0.15160096,0.988153863,0.370433914,0,0
218,-0.211444058,0.972056814,-0.044437536,-1.157747868,0,0
219,-0.609876908,1.42194248,-1.009419198,-2.223757385,0,0
220,-0.935651563,1.809058156,0.358738304,-1.110960916,0,0
221,0.698568622,0.774256379,-0.499882152,0.675700925,0,0
222,0.233914976,-0.218596508,1.065276294,0.289806146,0,0
223,1.481891159,1.467060539,-1.38811725,-1.434709487,0,0
224,-0.279346316,0.37373137,0.398297192,0.390129174,0,?
225,0.324495879,0.220009643,0.684188468,0.941582175,0,0
226,0.048144978,-0.331766504,-0.036084926,0.299644257,0,?
227,-1.084028357,1.399724221,-0.633087719,-2.036657175,0,0
228,0.94561704,-0.862040011,0.122568259,0.388896435,0,?
229,1.780192538,-0.063818391,-0.314599455,1.485024755,0,?
230,-0.62356078,-0.063102772,1.318545988,1.057897488,0,0
231,-0.974346317,1.710336843,0.39115107,-2.023711039,0,0
232,0.642285343,-0.33318377,0.774443058,0.435055119,0,0
233,0.012408614,-0.435430698,1.389125541,0.740940879,0,?
234,0.807617475,0.161482251,-0.205656828,0.809874289,0,0
235,0.567358228,0.018341459,0.180618897,0.527375341,0,?
236,-0.61951542,1.290779783,0.242033782,-1.940608275,0,0
237,1.215987842,-0.69422741,0.285977791,1.092975803,0,?
238,1.254295649,-0.173466521,-0.052975759,1.37117492,0,0
239,0.689985422,1.292534752,-1.061692615,-0.864793964,0,?
240,0.997854959,0.853587831,-0.566870084,0.678780392,0,?
241,-0.642626741,-0.060649222,1.42471694,0.940349437,0,0
242,0.424539407,0.277122836,-2.84712E-4,0.393817871,0,?
243,0.823376793,0.840894117,-0.571858448,0.603076914,0,?
244,0.701769734,1.271032112,-1.077794591,-0.125008014,0,0
245,1.329574535,-0.805642437,0.142452111,0.88803658,0,0
246,0.426861092,-0.245393023,0.776624017,1.150233893,0,0
247,0.571966421,-0.496777969,0.884975929,0.427668206,0,0
248,-0.018972832,-0.206601374,-0.148589941,0.355664849,0,?
249,0.20394413,1.113084827,-0.712205496,-0.42353066,0,?
250,1.4546993,-1.086642073,0.412821453,0.569226626,0,0
251,0.049555578,1.395140853,-0.71677623,-1.523333397,0,0
252,0.049129936,1.238948537,-0.535269376,-0.323816861,0,?
253,1.707164983,0.22740437,-0.642623615,1.122532971,0,?
254,1.25809477,1.488222408,-1.284544888,-1.843369473,0,0
255,1.304634007,-0.954422986,0.563910885,1.342855249,0,0
256,0.935591581,-0.824674488,0.191546895,0.673240207,0,?
257,0.622515841,0.693868537,-0.201283309,0.971739055,0,0
258,1.164453465,-0.192154394,-0.101882611,1.0468076,0,?
259,0.914309466,0.063459518,0.166094637,0.734167956,0,?
260,1.174689986,0.900477899,-0.714386455,0.116247022,0,0
261,0.957506883,0.165009229,-0.185775296,0.9471176,0,0
262,0.484621808,0.968529836,-0.551371352,-0.606918375,0,0
263,1.60205596,0.900120089,-1.086356016,0.014686496,0,0
264,0.720870871,0.799643807,-0.508232442,0.134709543,0,0
265,0.408146902,0.474207653,-0.005064261,0.606154477,0,0
266,-0.158239826,1.333444292,-0.288556481,-0.200733385,0,?
267,1.201600429,1.341196829,-1.287329091,-1.554746813,0,0
268,0.174465763,-0.974511428,0.752958289,0.426440227,0,?
269,1.583130707,0.083207189,-0.36509423,1.340380253,0,?
270,1.198821442,1.37997655,-1.314962309,-1.772594095,0,0
271,1.743995354,1.375393183,-1.207816885,-1.034045643,0,0
272,1.397747656,-0.339530116,0.149412619,1.105921938,0,?
273,0.795305508,0.830670992,-0.417778317,0.780945388,0,?
274,1.703225154,-0.303920415,-0.296110953,1.111443084,0,?
275,1.054419654,0.739702216,-0.777007828,0.395050609,0,0
276,1.272798777,-0.355748252,-0.218976921,0.811102268,0,?
277,0.327169334,-1.141284678,1.628891849,-0.329338007,0,?
278,0.162491495,0.997427203,-0.961693313,-0.353945183,0,0
279,0.525110591,0.993917264,-0.363305379,-0.897397282,0,0
280,-0.078784369,-0.406167002,1.468452134,1.000049206,0,0
281,1.278427105,-0.827843657,0.185978489,0.805562083,0,0
282,0.859468446,-1.019288716,0.516997059,0.412285152,0,?
283,-0.039199635,-0.480560685,1.55234946,0.896651471,0,0
284,-0.609876908,1.42194248,-1.009419198,-2.223757385,0,0
285,0.47171183,-1.423698513,1.566664905,0.139635738,0,?
286,0.31946556,-1.081002316,1.552743889,-0.258562629,0,?
287,0.162632203,1.469531128,-0.653157184,-1.352225471,0,0
288,0.002643465,0.174874545,0.678620061,0.90773184,0,0
289,0.987935031,0.733363878,-0.295911418,-0.121343116,0,0
290,0.750701009,0.271125269,-0.181800846,0.373508621,0,?
291,-0.931852442,1.710694652,-0.306051023,-3.138316159,0,?
292,1.301960551,0.715030407,-0.887935127,0.473831649,0,?
293,0.52774887,-0.327542527,0.793120422,0.405512229,0,0
294,0.729243009,-0.13009832,0.586370125,0.627081524,0,?
295,0.602464923,0.708317221,-0.458332558,-0.494306038,0,0
296,-0.134290587,0.874034081,-0.800859169,-0.932475597,0,?
297,0.294384324,1.041505912,-0.369866819,-0.474601259,0,0
298,0.249498409,-0.185454839,0.941425651,0.29596032,0,0
299,0.653964123,1.21250472,-1.076402489,-0.05113889,0,0
300,-0.036772419,-1.086642073,0.736461885,0.096551762,0,0
301,0.892851466,0.837367139,-0.386964147,0.906499101,0,0
302,0.44012284,1.163144064,-0.617565785,-0.092404696,0,0
303,-0.827165543,1.664162394,0.266302754,-0.992208684,0,0
304,0.68214094,1.456837414,-1.022342542,-0.95651162,0,?
305,0.209185511,1.336613461,-0.641834757,-0.282551056,0,?
306,-0.056010747,1.243174096,-1.086750445,-1.738753278,0,?
307,0.411383191,-1.143056686,1.652348762,-0.441997941,0,?
308,1.471197336,1.406778177,-1.303036638,-1.538706933,0,0
309,1.34167544,0.9836771,-0.966867291,0.054714803,0,0
310,1.262069777,-0.787649736,0.254771512,0.741554868,0,0
311,1.616724789,-1.174424642,0.488366169,0.454136389,0,?
312,0.406810174,0.063459518,0.427531327,0.654777686,0,?
313,0.595781284,0.557423892,-0.741230815,0.007309102,0,?
314,0.262900865,1.101089693,-0.801462413,0.13717502,0,0
315,-0.036772419,-1.086642073,0.736461885,0.096551762,0,0
316,1.86493405,0.572230385,-0.848585054,0.603076914,0,?
317,0.787285141,0.636397535,-0.154961126,-0.141619048,0,?
318,0.403186938,-1.129647353,1.512976185,-0.169938718,0,?
319,0.885112515,0.055706982,-0.012024769,0.549531795,0,0
320,0.030169506,-0.88355969,0.392543172,0.098408009,0,?
321,1.161357884,1.306642665,-1.229881696,-1.02666825,0,0
322,-0.762686011,0.016211641,1.476595928,1.012357554,0,0
323,1.213701334,1.38103294,-1.236053347,-1.375642745,0,0
324,1.087661966,-0.108953489,0.122962687,1.423483017,0,0
325,1.414527109,0.098013682,-0.084994097,1.028359358,0,?
326,-0.209238457,-1.42863969,1.614762017,-0.157040179,0,?
327,1.330629846,1.284424406,-1.467838271,-1.925234739,0,0
328,1.083968376,0.83489655,-0.480599224,0.343965731,0,?
329,0.44501245,0.168178398,0.349596836,0.619694612,0,?
330,0.220547697,0.090618954,0.260131103,0.486139997,0,0
331,0.565775261,-0.115649636,0.654165475,0.997588489,0,?
332,1.099516631,-0.104710892,-0.024739298,1.355182635,0,0
333,0.90305281,0.662841352,-0.841810159,0.250415626,0,0
334,1.229671714,-0.08709304,0.095120654,0.994509022,0,?
335,1.066907507,-1.021418534,0.67066188,1.30101829,0,0
336,1.242546514,0.340591405,-0.160529533,0.727399792,0,?
337,0.205914045,0.069457085,0.820359211,0.961891425,0,?
338,0.186580739,0.629343578,0.189365936,0.507681985,0,?
339,0.487822919,0.823617035,-0.321955018,0.755095954,0,0
340,1.603568573,1.012591506,-0.869861008,0.224566192,0,?
341,-0.567805157,1.63347598,-0.288159732,-2.678585574,0,0
342,1.26607996,-0.288054124,-0.117587837,1.129910365,0,?
343,0.079656579,1.44238873,-0.649769737,-1.296252475,0,0
344,1.113165327,0.887426375,-0.626707253,0.668314012,0,?
345,-0.806305552,1.016118484,-0.710418965,-0.307824577,0,0
346,1.288698803,-0.247507506,0.062522274,1.003128673,0,?
347,1.018785303,-0.172057434,0.042452809,0.754481965,0,?
348,0.941008847,0.202732561,-0.136671231,0.773558476,0,0
349,-1.660228427,1.124722151,0.404074414,0.131016087,0,?
350,-0.593273341,1.411003736,0.181222141,-2.100007564,0,0
351,0.030169506,-0.88355969,0.392543172,0.098408009,0,?
352,-0.036772419,-1.086642073,0.736461885,0.096551762,0,0
353,0.160050208,0.583152091,0.150201476,0.475059628,0,0
354,1.094732553,1.269277142,-1.260484731,-1.315909658,0,0
355,-0.228772273,1.041148102,0.113032362,-1.282068842,0,0
356,0.804451541,1.219916486,-1.092504465,0.106399392,0,0
357,0.974884345,1.152920938,-0.997887956,0.195028062,0,?
358,0.794285374,1.515364806,-1.089929077,-1.474119045,0,0
359,-0.970160248,1.634890179,0.098716917,-1.991107721,0,0
360,0.802868574,-1.043261945,0.64820264,0.648004763,0,?
361,1.038097503,0.229176379,-0.113214318,0.686781293,0,0
362,0.461334601,0.490786154,0.160131801,0.865261853,0,0
363,0.834140971,-0.229174034,-0.012813627,1.144665151,0,0
364,1.881467263,0.623005241,-0.88317878,0.540300058,0,?
365,1.219294485,-0.032092626,0.047209156,1.027745368,0,?
366,1.085269926,0.75133954,-0.73705451,0.557532697,0,?
367,0.983432368,0.991088866,-0.412012696,-0.64199669,0,0
368,1.078093808,0.211541488,-0.271658687,0.488600714,0,0
369,0.619490615,-0.092732797,-0.055551148,0.975432511,0,?
370,0.63982295,1.370111235,-1.060903757,-0.85803532,0,?
371,1.30829242,-0.998143885,0.34006094,0.558764007,0,?
372,0.108814835,1.575664206,-0.64501339,-1.371311501,0,0
373,0.519482264,1.183948124,-0.866867989,0.207336409,0,0
374,-0.682165745,-0.315555013,1.269242388,0.326117199,0,?
375,0.054392422,1.507970079,-0.646405491,-1.492586326,0,0
376,0.983748962,1.008008138,-1.144406655,-0.011158179,0,0
377,-0.853372444,1.658164827,0.291546197,-1.912907353,0,0
378,0.850779715,1.207563543,-1.196888887,-1.021147104,0,?
379,1.352017492,0.097655872,-0.211619663,0.739094151,0,0
380,0.378563004,-0.320843606,1.121934831,0.422746771,0,0
381,1.753598688,1.40113842,-1.271830359,-1.193444932,0,0
382,0.150657936,0.131869265,0.671265124,0.827718061,0,?
383,1.188268327,1.40113842,-1.26308332,-1.604579914,0,0
384,0.040114058,1.440275951,-0.682391319,-1.414385958,0,0
385,0.681753993,0.948782166,-0.32056345,-0.261656374,0,?
386,-1.03034818,1.571779419,0.124749218,-1.081451343,0,0
387,1.478267923,-0.780953589,0.333680474,1.137906507,0,?
388,-0.945008658,1.637360767,0.276627508,-0.990971186,0,0
389,1.183519425,1.448386297,-1.28951005,-1.799676267,0,0
390,-0.280194083,1.084869001,-0.770047319,-1.019290856,0,?
391,0.59546469,0.844421095,-0.220366702,-0.490593543,0,0
392,0.15253639,0.620534652,0.064703233,0.487367976,0,0
393,1.178207691,1.385275537,-1.22609982,-1.211293463,0,?
394,-0.948385655,1.73713847,-0.257345562,-3.125370024,0,0
395,0.29121839,0.427317585,-0.633667761,-0.266558771,0,0
396,0.790134482,0.20660031,-0.245218037,0.845566593,0,0
397,-0.292636206,0.691040139,-0.0014912,0.014067746,0,?
398,1.392998755,-0.266546373,0.149412619,1.138525256,0,?
399,0.892007217,0.630399968,-0.26032698,0.017161492,0,0
400,0.306450052,-0.353986467,1.181772001,0.208564388,0,0
401,0.625646599,-1.322506611,1.478196845,0.161177726,0,?
402,0.538548224,0.854644221,-0.19034835,0.883110385,0,0
403,0.933129188,-0.767902066,0.193333426,0.714477455,0,?
404,-0.018972832,-0.206601374,-0.148589941,0.355664849,0,?
405,0.054906007,0.937843422,-0.037662641,-0.841424286,0,0
406,-0.100573034,1.026341609,-0.075040571,-1.022955755,0,0
407,-0.174393831,0.728422701,-0.06928655,0.028870129,0,?
408,1.332951531,-0.134681688,-0.156752297,1.024665901,0,0
409,0.073595574,0.882502237,-0.243229652,0.370433914,0,?
410,0.530211264,-0.248565599,0.753955962,1.08497966,0,0
411,1.256160033,-0.249270995,-0.008242893,1.337334103,0,0
412,1.17595636,1.33872624,-1.230879369,-1.114054662,0,?
413,1.070495566,-0.353633769,0.262729693,1.733047954,0,0
414,0.5445635,1.250585862,-1.141204821,-0.323816861,0,0
415,1.184961685,-0.986864371,0.614003343,1.020977205,0,?
416,1.377028374,1.565083272,-1.272224788,-1.457508011,0,0
417,0.25259399,-0.091318598,0.899082559,0.359967535,0,0
418,-0.594961839,-0.056764435,1.301655154,0.76925103,0,0
419,0.535909946,-1.199113489,1.674019144,-0.113299377,0,?
420,-1.026373173,1.744533197,0.330107413,-1.21376846,0,0
421,-0.557005803,-0.106823671,1.462489298,0.865261853,0,0
422,1.548868261,1.378562351,-1.327491223,-1.492586326,0,0
423,-0.195477195,1.17300938,-0.104864028,-1.444561876,0,0
424,0.530879628,0.762261245,-0.302870071,0.843724624,0,0
425,0.460208935,-1.146924435,1.581560393,-0.41610567,0,?
426,-0.688040312,1.519590364,0.321360374,-1.383020138,0,0
427,-0.609876908,1.42194248,-1.009419198,-2.223757385,0,0
428,1.052097969,-0.352575676,-0.137866118,0.705857804,0,?
429,0.744545026,-1.171255473,1.154347598,0.369201175,0,0
430,0.399387817,0.753810128,-0.366685866,-0.579836203,0,0
431,0.30778678,0.511232405,0.140062336,0.672007469,0,0
432,1.668751645,1.075003685,-1.078583448,-0.179791108,0,0
433,0.631521166,1.313696622,-1.046379497,-0.725718204,0,?
434,1.826907659,1.390915294,-1.320345102,-1.248228025,0,0
435,0.27440376,1.171612219,-0.827100285,0.214104573,0,0
436,-0.018972832,-0.206601374,-0.148589941,0.355664849,0,?
437,0.037908457,0.700206875,0.066095335,0.347659187,0,?
438,1.272939485,0.640282322,-0.781184133,0.579689626,0,?
439,1.510771516,0.031375944,-0.389945565,1.31087068,0,?
440,1.056072975,-0.214718535,0.163913678,1.467794972,0,0
441,0.152817807,1.417699883,-0.670256833,-1.34056443,0,0
442,1.029021824,1.342611028,-1.210786702,-1.200203576,0,?
443,1.138492802,0.182627082,-0.126731625,0.713244717,0,0
444,0.317003167,0.715030407,-0.216392252,0.804334104,0,0
445,0.969115309,-0.909287888,0.31938823,0.470752183,0,?
446,0.710212225,0.177702943,-0.277821057,0.540300058,0,0
447,1.223586085,0.179100104,-0.108840799,0.855414223,0,?
448,1.232134108,1.476585084,-1.188536277,-1.485780086,0,0
449,1.23389296,-0.888143058,0.410617292,1.084360911,0,?
450,1.146231753,-1.002011635,0.683585224,1.210538133,0,0
451,1.845832912,1.000613411,-0.947192254,0.126708641,0,0
452,0.11872421,1.220615066,-0.609213175,-0.146569041,0,?
453,1.105391199,1.33802766,-1.247584589,-1.081451343,0,?
454,0.410961066,0.716086796,-0.201480523,0.795100464,0,0
455,0.786018767,1.413116515,-1.122736272,-1.339945681,0,0
456,0.551211962,-0.009874367,0.290362911,0.792639746,0,?
457,0.073314157,0.205543921,0.671845166,0.875109483,0,0
458,1.389867997,-0.851118306,0.381591972,1.173603571,0,?
459,0.119853394,1.215333118,-0.88317878,-0.093642194,0,?
460,0.187143571,1.102503892,-0.640048227,-0.13052916,0,?
461,0.93608406,1.160332704,-0.997284712,0.107013381,0,0
462,1.583834248,0.968172026,-0.867865662,0.161177726,0,?
463,-0.837050293,1.584473133,0.118391954,-1.070361456,0,0
464,1.866692902,-0.402994425,-0.236071929,1.22224677,0,?
465,-1.101968653,1.750888573,-0.167288186,-3.501426692,0,?
466,0.250975845,0.285590992,0.125538075,0.360586284,0,?
467,0.893660538,1.199112426,-0.997679141,0.073182084,0,0
468,1.455262132,0.900835708,-1.085149528,-0.144094044,0,0
469,-0.087568078,0.781310335,0.142846539,0.151944086,0,?
470,0.154365597,1.25586781,-0.506244057,-0.478884907,0,?
471,-0.013418376,0.845835294,-0.078613632,0.245494191,0,?
472,1.197660599,0.726309921,-0.798492596,0.551378047,0,?
473,0.839734121,0.91811279,-0.514195277,-0.326863011,0,0
474,0.755590619,1.334500682,-1.060903757,-0.858654069,0,?
475,1.191645324,-0.288054124,0.142846539,1.545947744,0,0
476,-0.018972832,-0.206601374,-0.148589941,0.355664849,0,?
477,1.07485752,0.81233752,-0.60366797,0.382742262,0,?
478,-0.778058382,-0.181929565,1.33007723,0.580305043,0,?
479,0.584806044,0.094486703,0.125352462,0.547685543,0,?
480,0.180663959,-0.424853171,1.343998246,0.245494191,0,?
481,0.841563328,1.274201281,-1.090717934,0.066994593,0,0
482,-0.150068936,1.097920525,-0.206452646,-1.248846775,0,0
483,0.18789636,0.897649501,-0.027337887,-0.602015979,0,0
484,1.515942543,0.031733753,-0.292533252,1.354563886,0,?
485,1.134025317,0.912813803,-0.850766013,0.022682638,0,0
486,1.213419918,0.763317635,-0.888538371,0.099012479,0,0
487,1.070741805,1.173724998,-1.06408239,0.12794138,0,?
488,0.245453048,1.022116051,-0.070678652,-0.786641193,0,0
489,0.840719079,0.159710243,-0.278616876,0.839412419,0,0
490,0.527080506,0.701978883,-0.263904681,-0.409965775,0,0
491,0.924968112,-0.895179976,0.86608975,0.960658686,0,0
492,-0.800219923,1.517835394,0.318181742,-0.903584774,0,0
493,0.83533699,1.598581045,-1.099070544,-1.536279532,0,0
494,0.75140455,-1.078531727,1.064487437,0.604307749,0,0
495,-0.196982773,1.431109215,-1.185543259,-2.344984614,0,?
496,1.034861215,-1.025286283,0.688944815,1.076364769,0,0
497,-0.169463064,-0.600788045,1.642209621,0.92680835,0,0
498,0.048144978,-0.331766504,-0.036084926,0.299644257,0,?
499,0.15854463,0.79540121,-0.19472187,0.356892828,0,?
500,1.206806632,0.303924463,-0.160926282,0.734786705,0,?
501,0.3046912,0.111405976,0.142243295,0.476906356,0,0
502,0.552759752,-1.497032398,1.5624886,0.452903651,0,?
503,1.581442209,-0.28029818,-0.276032207,0.727399792,0,?
504,0.842829702,0.754150899,-0.494912349,0.287959418,0,0
505,0.749716052,1.143396393,-1.018955094,-0.055470134,0,0
506,0.583680379,1.087697399,-0.318972974,-0.990352437,0,0
507,1.466061486,0.631115587,-0.816961145,0.659085132,0,?
508,1.627981445,-0.388537223,-0.220566237,1.042514433,0,?
509,-0.256382739,1.21425969,-0.446604102,-0.422293161,0,0
510,1.105707792,0.081452219,0.114424464,0.915732741,0,?
511,1.234561324,0.098712262,0.028740607,0.996974499,0,?
512,0.784822747,1.504783871,-1.112991561,-1.416860955,0,0
513,1.936026867,0.723123714,-0.925313057,0.393203881,0,0
514,0.556347811,-0.012685726,0.403679985,0.771097758,0,?
515,1.915202054,0.684701802,-0.986542328,0.277497798,0,0
516,-0.996226442,1.820337671,0.359341548,-2.188060321,0,0
517,0.467244345,0.41673665,0.171871859,0.926194361,0,0
518,1.339142692,-0.750982794,0.048810073,0.90773184,0,0
519,1.066977861,0.843006896,-0.569468673,0.219030768,0,0
520,0.969431903,0.652618227,-0.36728215,0.42397951,0,0
521,0.133611138,1.2326102,-0.82292398,-1.42300085,0,0
522,0.033353029,-0.163243396,0.609432609,0.068232091,0,0
523,0.597364251,-0.67517832,0.269086957,0.537837913,0,?
524,-0.036100537,0.451648623,0.15298568,0.476906356,0,0
525,0.295791406,1.174781388,-0.679792729,-0.287501049,0,?
526,0.624520933,0.942784599,-0.632484475,-1.004488474,0,0
527,0.738389042,0.955120503,-0.421555553,-0.693067289,0,0
528,1.122381714,-0.078624884,-0.011027096,1.485024755,0,0
529,-0.641008597,1.802719818,-0.1639077,-3.025703822,0,0
530,1.860501742,0.666010521,-0.883364394,0.450442933,0,?
531,1.028775585,1.437089743,-1.189719563,-1.193444932,0,0
532,0.73483616,0.053594202,0.307648173,0.945275631,0,?
533,-0.136638655,0.819732248,-0.075829428,0.123015185,0,?
534,1.545702326,0.994615844,-0.892505861,-0.014251924,0,0
535,0.532532949,-1.140926868,1.654135292,-0.321341865,0,?
536,0.820386744,-0.214718535,0.638457928,0.431980412,0,?
537,-0.190031788,-0.458347537,1.475598256,0.872648765,0,?
538,0.101585952,-0.336709556,0.991332495,-0.075793662,0,?
539,1.341569909,-0.075097906,-0.436464961,1.020977205,0,?
540,1.246486344,-0.270426049,0.199296261,1.59644719,0,0
541,1.137261606,0.405457135,-0.194522335,0.728013782,0,?
542,0.840543194,1.521362373,-1.054337678,-1.326380797,0,0
543,-0.652687377,1.658164827,-0.337660315,-2.813330091,0,0
544,1.340971899,-0.123402173,-0.169673321,1.017897738,0,?
545,1.291020489,-1.146566626,0.45277477,0.332890122,0,?
546,0.35773819,1.17019802,-0.84222779,0.256574559,0,0
547,1.066203966,-0.994974717,0.597901367,0.739094151,0,?
548,0.499360991,0.719613774,-0.088172729,-0.40382588,0,?
549,1.088752454,-0.2055518,0.128322279,1.489355999,0,0
550,1.24462196,-0.15090238,-0.148002938,1.043761451,0,?
551,1.090581661,1.267505134,-1.166865895,-0.025912965,0,?
552,1.145246796,1.357059711,-1.270623871,-1.511053607,0,0
553,0.926375194,-1.079230307,0.562913212,0.178407509,0,?
554,0.778314993,-1.147980825,1.150171293,0.568611161,0,0
555,0.652732927,0.308507831,-0.177824076,0.377816067,0,?
556,0.39875463,1.02317244,-0.337461476,-0.465367618,0,0
557,1.268753416,-0.239751561,-0.085782955,1.093594552,0,?
558,1.389797643,-1.158919569,0.45674226,0.553224775,0,?
559,0.556769936,-0.370556449,0.875416831,1.079458514,0,0
560,1.270195675,1.576362787,-1.335449405,-1.688920177,0,0
561,-0.271223936,-0.438250577,1.454345504,0.911425296,0,?
562,-1.01807139,1.84149954,-0.111425467,-3.070015777,0,0
563,1.296543285,1.534056087,-1.227491922,-1.422429697,0,0
564,0.557754893,-0.187218328,0.751566187,1.243141451,0,0
565,0.399739587,1.020701852,-0.256946493,-0.477695004,0,0
566,0.776626495,0.965002858,-0.390541848,-0.22657806,0,0
567,1.613805094,1.048559868,-1.032272867,-0.249328988,0,0
568,1.375339876,0.239757313,-0.130311646,0.876342221,0,?
569,0.488983762,-1.481868096,1.621722526,0.309501406,0,?
570,1.232767295,-0.169235851,-0.142040103,0.889264559,0,?
571,0.639506356,-1.203696857,0.671450738,-0.027150463,0,?
572,1.783569535,1.438861752,-1.348163933,-1.346704325,0,0
573,0.850709361,1.23506375,-1.17023014,-0.006208186,0,0
574,0.258151963,1.2326102,-0.808422922,0.183333704,0,0
575,0.765686432,1.036922544,-0.379010606,-0.270890015,0,0
576,-0.038446847,1.387729087,-0.602275869,-1.397774925,0,0
577,1.217992934,-1.143755266,0.463517154,0.311348134,0,?
578,0.612595913,-0.46539979,0.85952367,0.243647463,0,0
579,0.255056383,1.194529058,-0.80703082,0.03067878,0,0
580,1.503278805,1.085925391,-0.918352548,-0.142237797,0,0
581,-0.844402297,1.683893026,-0.418175066,-3.179534369,0,?
582,1.273924443,-0.259143126,0.013613103,0.87818895,0,?
583,0.680346911,-1.49280684,1.629471891,0.353813361,0,?
584,-0.034503499,0.837367139,-0.162515598,0.302114494,0,?
585,1.374038325,-1.231197064,0.576022169,0.231953105,0,?
586,0.39112121,1.12894771,-0.227127676,-0.469651266,0,0
587,0.349612292,1.101089693,-0.811392738,-0.369366315,0,?
588,-0.250374499,1.06759192,-1.051367861,-0.635856795,0,0
589,0.176720612,1.144810592,-0.703644071,-0.053613887,0,?
590,1.477951329,-0.840179562,0.296905789,1.144046402,0,?
591,0.384507925,-1.279501331,1.684158285,-0.252422734,0,?
592,0.183808787,0.093788123,0.710011953,0.670160741,0,?
593,-1.134507423,-0.02537944,1.247780821,0.377202077,0,?
594,1.67775697,0.270784499,-0.615176011,1.049282596,0,?
595,0.96732128,0.904703457,-0.572832919,-0.665985117,0,0
596,0.077823855,0.555311113,-0.076641487,0.366740458,0,?
597,1.820294374,1.427582237,-1.438024094,-1.504866116,0,0
598,0.23613113,0.94067182,-0.228916526,-0.876502601,0,0
599,1.22960136,-0.824316679,0.189157121,0.713858706,0,?
600,0.254001071,0.762976864,0.0354923,0.898498199,0,0
601,0.747288836,0.119175551,0.105259795,0.758789411,0,0
602,0.826437197,1.543222822,-1.149557431,-1.528902139,0,0
603,1.171312989,0.146317949,-0.170865888,0.72986051,0,0
604,-1.084028357,1.399724221,-0.633087719,-2.036657175,0,0
605,0.222130665,1.098278334,-0.649189694,-0.218581917,0,?
606,-0.654727646,1.69658674,-0.227723959,-2.763496989,0,0
607,1.868557286,1.407118948,-1.434636647,-1.496869974,0,0
608,1.636529468,0.231289158,-0.618957887,1.099734447,0,?
609,1.046680703,0.593375216,-0.90960551,0.139016989,0,0
610,-0.235628279,1.260808987,0.170085328,-1.517193502,0,0
611,1.191082491,1.205092954,-1.341203425,-1.352225471,0,0
612,-0.553277036,-0.018683293,1.279984772,0.900958917,0,0
613,1.579859241,-0.210135168,-0.144821986,1.1428565,0,?
614,0.729981727,0.838065719,-0.331099804,0.780945388,0,?
615,-0.225110342,1.243531905,-1.183756728,-2.67425433,0,0
616,1.235511105,0.839837727,-0.682576932,0.301500504,0,?
617,-0.250367463,1.06759192,-1.051367861,-0.635856795,0,0
618,0.501436437,0.218953253,-0.361316994,0.442442031,0,?
619,0.047768584,0.972397585,0.041246321,-0.966982759,0,0
620,1.065465248,-1.085585683,0.49769325,0.640617851,0,?
621,1.041720739,-0.131870328,0.172266288,1.560131377,0,0
622,1.62136816,-0.417800919,-0.207246144,1.093594552,0,?
623,1.175639766,0.895536722,-0.676822912,0.758175421,0,?
624,1.48533851,0.974169593,-0.886751841,-0.022248066,0,0
625,1.287854554,-0.833142644,0.225351764,0.926194361,0,?
626,0.494119611,0.705505862,-0.197306538,0.811102268,0,0
627,0.556347811,-0.253148967,0.739849332,0.417206587,0,0
628,1.087450904,-0.204846404,0.06848511,0.873881504,0,?
629,1.169026481,-1.251643315,0.563307641,-0.029006711,0,?
630,0.761641072,0.271840888,-0.147406655,0.953276533,0,0
631,0.515577611,-0.161479907,0.656346435,0.954504512,0,?
632,1.146900117,-1.000256665,0.664699045,1.118201728,0,?
633,1.405592139,-0.728065955,0.071269313,1.000049206,0,?
634,2.248188003,0.561649451,-0.914176244,0.827104071,0,?
635,0.514627831,-0.75628178,0.327532025,0.187641149,0,?
636,0.6046459,-1.378222644,1.551142972,0.403665501,0,?
637,1.008408073,0.878975259,-0.631881231,0.673240207,0,?
638,0.80469778,0.873676272,-0.460717692,0.766176323,0,?
639,1.213912396,-0.844422159,0.263518551,0.663392577,0,?
640,1.313076499,-0.403345419,-0.269869837,0.699703631,0,?
641,0.178880482,0.670253118,0.111037017,0.412285152,0,0
642,1.652746088,-0.332831072,-0.248598524,1.097925795,0,?
643,-0.018019534,0.83314158,0.096327143,0.27565107,0,?
644,0.914450174,-0.769316265,0.213611707,0.711397989,0,?
645,0.87575542,0.702677464,-0.350184821,0.287959418,0,0
646,0.256182049,1.426168038,-0.62174209,-1.355319217,0,0
647,1.176800609,0.111405976,-0.020377379,0.836337712,0,0
648,0.120979059,0.691040139,-0.047221739,0.399358055,0,?
649,-0.287612923,-0.50595152,1.543788035,0.803101366,0,?
650,-0.078407975,1.280198848,-0.346208747,-0.31762937,0,?
651,0.887645263,-1.110257492,1.046204502,0.839412419,0,0
652,1.481011732,-0.902233932,0.278414038,0.830183538,0,0
653,1.028564523,-1.061254645,1.073420089,0.654158937,0,0
654,1.083088949,0.167820589,-0.078822447,0.761250128,0,0
655,0.781797521,1.496332754,-1.091901221,-1.373167749,0,0
656,-0.631405263,1.494560746,0.070666069,-0.814342114,0,0
657,-0.250367463,1.06759192,-1.051367861,-0.635856795,0,0
658,0.213266048,-1.508669722,1.598868857,-0.05113889,0,?
659,0.617133753,0.138565412,-0.016201074,0.479985823,0,?
660,1.351454659,-0.77953939,0.171663043,1.016664999,0,?
661,-0.194773654,0.843705476,-0.110829184,0.248573658,0,?
662,0.893449476,1.1708966,-1.167863568,-0.087454703,0,0
663,1.177046848,-0.891670036,0.290362911,0.598768993,0,?
664,1.732422105,0.31237558,-0.726706555,1.080696013,0,?
665,0.493732663,0.716785376,-0.129316294,0.830183538,0,0
666,0.278765714,-0.174877312,1.01140196,0.511989431,0,0
667,-0.169463064,-0.423089682,1.467245646,0.782792116,0,?
668,0.048144978,-0.33177349,-0.036084926,0.299653776,0,?
669,1.382340109,-0.248565599,0.007070225,1.528717961,0,0
670,1.072289595,-1.036923607,0.48797174,0.529837011,0,?
671,0.030158953,-0.88355969,0.392543172,0.09839849,0,?
672,0.662265907,-0.775313832,0.407253046,0.526144506,0,?
673,-0.798003769,1.552389558,0.415002412,-1.759695556,0,0
674,0.331249872,1.185362323,-0.768260789,0.311348134,0,0
675,-0.21125762,0.677290036,-0.208638246,0.233799833,0,?
676,-0.047181308,0.887784185,-0.397300502,0.004215357,0,?
677,-0.064509523,1.261507567,-1.179789238,-2.409620097,0,?
678,0.715348075,-0.090262208,0.073055843,0.764329595,0,0
679,0.121119767,0.804227174,-0.589352525,0.063948444,0,?
680,1.059801743,0.175232354,-0.085968569,0.827104071,0,0
681,0.636410776,-1.033396629,0.889941091,0.375974098,0,?
682,1.160267396,-0.989317921,0.454770116,0.564302954,0,?
683,1.372877483,-0.938202294,0.531498118,0.923733643,0,?
684,-0.882815635,1.516421195,0.289156423,-1.735040783,0,0
685,1.279658302,0.974169593,-0.807425249,0.010402848,0,0
686,0.115343696,0.664255551,-0.046804109,0.259649267,0,?
687,-0.342411731,0.920924149,-0.216192717,-0.125008014,0,?
688,0.769520731,0.659314374,-0.309032905,-0.182884854,0,?
689,0.911249063,-0.896253404,0.27583865,0.306426699,0,?
690,1.90595049,0.590921666,-0.881972292,0.537837913,0,?
691,0.048144978,-0.331766504,-0.036084926,0.299644257,0,?
692,1.246451167,1.572477999,-1.235450103,-1.500582468,0,0
693,0.391895105,1.236835758,-0.703064028,-0.259800127,0,?
694,0.107924856,-0.265137285,0.185978489,0.797561181,0,?
695,0.021800886,1.414530714,-0.578795754,-1.344229329,0,0
696,0.426087197,1.011892925,-0.52751537,-1.125763299,0,0
697,1.116507146,0.840894117,-0.593923259,0.701550359,0,?
698,0.987266667,-0.959364164,0.900869089,0.763710846,0,?
699,1.225169052,1.418756272,-1.273825705,-1.558411712,0,0
700,1.228546049,0.699866104,-0.791926517,0.53599166,0,?
701,1.814173568,1.455423215,-1.34141224,-1.497488723,0,0
702,1.167337983,-0.957592155,0.602472101,1.188358357,0,0
703,0.30873656,0.447065255,0.207857686,0.674468186,0,0
704,1.149749458,0.864168766,-0.75375973,0.505835257,0,?
705,1.382551171,-0.856400254,0.226929479,0.940963426,0,?
706,1.107783238,-0.081794053,-0.087175057,1.23390781,0,0
707,1.483157532,-1.150451413,0.477414969,0.447363466,0,?
708,1.667168678,0.347287553,-0.784362765,0.761250128,0,?
709,0.997432834,0.254904577,-0.276231741,0.535376243,0,0
710,0.692096045,-0.051124677,0.379016584,0.908345829,0,?
711,0.454475076,-1.089112662,1.583346923,-0.293022194,0,?
712,1.53469191,0.862754567,-0.787541397,0.400590794,0,?
713,1.288347033,1.408533147,-1.236633389,-1.423619599,0,0
714,0.74651494,0.245039261,0.147208458,0.694782195,0,0
715,1.075666592,1.132815459,-1.027887747,0.2854987,0,?
716,0.030169506,-0.88355969,0.392543172,0.098408009,0,?
717,0.897670722,0.910701024,-0.419168098,-0.500445933,0,?
718,1.287291721,0.594789415,-0.746984835,0.679394381,0,?
719,0.471747007,-0.458700235,0.971634257,1.187787204,0,0
720,1.677053429,-0.271835136,-0.282591326,1.128672866,0,?
721,-0.311090086,-0.560594124,1.319752476,0.375355349,0,?
722,1.551787956,1.054557435,-1.009001568,-0.133622906,0,0
723,0.11069329,0.912115223,-0.05736088,0.310734145,0,?
724,1.648946966,1.130361909,-1.11120503,-0.169319969,0,0
725,1.120165559,-0.965702501,0.33170833,0.228259648,0,?
726,-0.138329264,1.124722151,0.01124653,-1.303629868,0,0
727,-1.084028357,1.399724221,-0.633087719,-2.036657175,0,0
728,-0.018958761,-0.206609893,-0.148599222,0.355660089,0,?
729,-0.490004077,-0.312029227,1.118965015,-0.138572898,0,?
730,0.856021095,1.376449572,-1.067864266,-0.912818414,0,?
731,0.205597451,1.224499854,-0.468272164,-0.24809149,0,?
732,-1.107385918,1.623968473,0.165096964,-1.319003404,0,0
733,1.192735812,-0.857115873,0.2450268,0.814795724,0,0
734,0.831010213,0.033846532,0.102289978,0.74955577,0,?
735,1.091214848,0.815506689,-0.514195277,0.795100464,0,?
736,-0.400784526,1.158918505,0.191152467,-1.620572199,0,0
737,1.308749721,0.912115223,-0.898886327,-0.008683182,0,0
738,0.173526536,1.279500268,-0.478014555,-0.22900546,0,?
739,0.488209867,-1.430752469,1.543788035,0.367968437,0,?
740,-1.013463196,1.823523878,-0.153571345,-3.079249418,0,0
741,1.108944081,-0.855003093,0.327532025,0.683701827,0,?
742,0.080265142,1.318279989,-0.391138132,-0.224721812,0,?
743,1.533320005,-0.036675994,-0.336268677,1.277601017,0,?
744,1.601071002,1.095449936,-0.914176244,-0.043142748,0,0
745,0.113841636,0.188624649,0.352381039,0.534760826,0,0
746,1.483122355,0.973113204,-0.775012482,0.388896435,0,?
747,-0.160869662,0.894838141,-0.142239637,0.20671766,0,?
748,0.148448817,-0.326132233,1.208013117,0.314427601,0,0
749,0.158031045,-0.215071233,1.070055843,0.361200274,0,0
750,1.269351426,-1.075703329,0.777018446,1.108349338,0,?
751,0.640526491,1.052444656,-0.381992024,-0.989114938,0,0
752,-0.017221015,0.796815409,-0.401674021,0.298425797,0,?
753,0.95694405,-1.208620996,1.20682983,0.840645158,0,0
754,0.690583432,-0.287348729,0.800475359,1.251137593,0,0
755,1.504756241,0.026093996,-0.386964147,1.156373788,0,?
756,1.258974197,1.40147919,-1.237631062,-1.371311501,0,0
757,0.783345311,0.212257106,0.130920869,0.656005665,0,0
758,1.230234547,-0.011629337,-0.329708166,1.153280042,0,?
759,-0.146500189,1.153619519,2.9533E-4,-1.320859651,0,0
760,0.987653614,-0.257732335,8.98574E-4,1.13605026,0,?
761,0.639049055,0.281706204,-0.242433834,0.702164348,0,0
762,-0.644033823,0.237985305,-0.647403164,-0.382264854,1,0
763,-0.015342561,-0.35187028,-0.331696319,0.734167956,1,?
764,-0.739222919,-1.546393054,1.50701335,1.027745368,1,?
765,-1.506293659,-2.509275145,3.314309317,-0.042523999,1,?
766,-1.407727566,-1.726916408,2.015153653,1.027745368,1,?
767,-0.954752701,-0.379723185,-0.014600157,1.22224677,1,?
768,-0.771058149,0.139263992,-0.911809671,-0.496114689,1,0
769,-0.467089747,0.217539054,-0.746984835,-0.834618046,1,0
770,-0.031777278,-0.306387596,-0.390938597,0.636929154,1,0
771,-0.499209911,-1.462478235,1.027109507,0.827104071,1,?
772,-1.000869813,-1.884165113,1.84378594,0.256574559,1,?
773,-0.689095624,-1.393029137,0.917574309,0.852339516,1,?
774,-0.368710093,-0.343055901,-0.39809632,0.806180832,1,0
775,-0.280992602,0.16535,-1.17023014,-0.88940114,1,0
776,-2.229217201,0.791533461,-0.167288186,-2.612093843,1,0
777,-0.793325221,0.141376771,-0.491930932,-0.552754031,1,0
778,-0.425060208,-0.647320304,0.23310113,1.105921938,1,?
779,-0.792340264,-1.867245841,1.76763798,0.508909964,1,?
780,-1.411948812,-2.530777785,2.733222886,-0.654942825,1,0
781,-0.793465929,-1.500201567,0.944418669,0.594460595,1,0
782,-0.275026575,-0.393473288,-0.435272394,0.865261853,1,0
783,0.014051382,0.245039261,-1.369834315,-1.357175464,1,0
784,-1.351514641,0.500310699,-0.502666355,-1.749224417,1,0
785,-0.738695263,-0.378665091,0.006072552,0.579074209,1,0
786,-0.889956576,-1.538282708,1.211400564,0.406744967,1,0
787,-1.09127483,-2.108392327,1.790306035,-0.257325131,1,?
788,-0.319543131,-1.068649373,0.137463746,0.924961622,1,0
789,0.21861296,-0.125514952,-0.937053114,0.619694612,1,0
790,0.257026298,0.321542315,-1.470622475,-1.379926393,1,0
791,-1.727768362,0.928335915,-0.396704218,-2.657643296,1,0
792,-1.114245443,-0.24997639,0.241639353,0.67077949,1,?
793,-0.956722616,-1.255868873,1.022329958,0.987126869,1,?
794,-0.723991257,-1.40853421,0.756345736,0.648004763,1,0
795,0.026169875,-0.246098418,-0.783759521,0.841877896,1,0
796,0.424609761,0.396648209,-1.461689822,-0.699873529,1,0
797,0.134409657,0.497124492,-1.544983905,-2.327754831,1,0
798,-2.083830456,1.223784235,-0.414198296,-2.277302981,1,0
799,-1.286612985,0.148430728,-0.249392022,0.15748427,1,0
800,-0.878312972,-0.585623743,-0.041444517,0.77909866,1,0
801,-0.473805046,-0.670237143,-0.369667284,0.598768993,1,0
802,0.058662916,0.001762957,-1.087330487,0.412899141,1,0
803,0.168643961,0.241154474,-1.26526428,-0.229624209,1,0
804,-0.25112377,0.196036414,-1.109812929,-0.820482009,1,0
805,-1.421939094,0.239041695,-0.444815251,-1.133759441,1,0
806,-2.333657861,1.151506739,-0.322153834,-1.195301179,1,0
807,-1.662796352,0.241870093,-0.145021521,0.092244316,1,0
808,-1.217208667,-0.338119836,-0.165100267,0.540915475,1,0
809,-0.751112762,-0.329305457,-0.554751839,0.314427601,1,0
810,-0.378855154,0.094128894,-1.007609466,0.078084481,1,0
811,-0.456290393,0.002120767,-0.87482617,0.048527312,1,0
812,-0.87929793,-0.148431791,-0.431692373,0.044862413,1,0
813,-0.903007261,-0.060291413,-0.343823149,-0.263512622,1,0
814,-0.594680423,-0.578569786,0.342033084,0.77971265,1,?
815,-1.24756646,-1.49314761,2.167635188,0.083034474,1,?
816,-1.860561724,-1.333445355,2.223690481,0.175946791,1,?
817,-1.062957305,0.33106686,-0.401674021,-0.04190525,1,0
818,-0.066764371,-0.076512105,-0.653551613,0.288578167,1,0
819,-0.691558017,-1.195927282,1.225112765,0.650465481,1,?
820,-1.560536669,-2.627386319,3.777136712,-1.013103365,1,?
821,-1.565742872,-1.74383568,2.565428234,-0.117011872,1,?
822,-1.233601172,-0.418153616,0.229713682,0.93665598,1,?
823,-0.848729074,0.222821003,-0.639236168,-0.661701469,1,0
824,-0.303625516,-0.352575676,-0.314002939,0.49290816,1,0
825,-0.93843055,-1.525588995,1.414368985,0.859107679,1,?
826,-1.633880817,-2.452860532,3.149113254,-0.093642194,1,?
827,-1.491871068,-1.707168738,2.037009649,0.876956211,1,?
828,-1.06408297,-0.345523423,-0.027337887,1.062847481,1,?
829,-0.943425691,0.199205583,-0.880394577,-0.704157177,1,0
830,-0.660074558,0.233401937,-0.781392948,-1.069742707,1,0
831,-0.291229124,-0.331068265,-0.339648236,0.35443211,1,0
832,-0.687969958,-1.458610486,1.00961543,0.516296876,1,?
833,-1.146924922,-1.867944421,1.779981281,0.099631229,1,0
834,-0.75983667,-1.353891606,0.891936437,0.707704532,1,?
835,-0.484136545,-0.320843606,-0.380402708,0.717552162,1,0
836,-0.46765258,0.184041281,-1.161088673,-1.072836452,1,0
837,-2.362221625,0.808094923,-0.202276341,-2.769636884,1,0
838,-0.96906976,0.211899297,-0.556336514,-0.725099455,1,0
839,-0.624440207,-0.681533696,0.327532025,0.856032972,1,0
840,-0.946873042,-1.916606497,1.85035202,0.158098259,1,?
841,-1.519485052,-2.516329102,2.644546011,-0.925098204,1,?
842,-0.819848716,-1.484338684,0.899871417,0.412285152,1,?
843,-0.337764842,-0.369851053,-0.430103057,0.766790312,1,0
844,-0.149176705,0.279235615,-1.346771831,-1.531948289,1,0
845,-1.518359387,0.507006846,-0.538450328,-1.850746866,1,0
846,-0.905540009,-0.35610095,-0.017778789,0.467677475,1,0
847,-1.025810341,-1.572138292,1.262490695,0.28611269,1,?
848,-1.17615705,-2.043526597,1.628288605,-0.382264854,1,?
849,-0.367067325,-1.0094234,0.104285324,0.853567495,1,0
850,0.14159281,-0.138907246,-0.897494225,0.537222495,1,0
851,0.061058473,0.346231163,-1.431458015,-1.567645352,1,0
852,-1.871361078,0.874391891,-0.364300732,-2.745029708,1,0
853,-1.255938598,-0.255617852,0.28419126,0.536607078,1,?
854,-1.058524997,-1.291479426,1.091726226,0.87757496,1,?
855,-0.813270608,-1.449784521,0.800684174,0.556917279,1,0
856,-0.067232226,-0.22987943,-0.77443244,0.776637942,1,0
857,0.303319295,0.402645776,-1.448557664,-0.813723365,1,0
858,-0.061315446,0.526038898,-1.493499345,-2.472399333,1,0
859,-2.218523378,1.235779369,-0.387957179,-2.308668801,1,0
860,-1.369877061,0.130812875,-0.286767631,0.080559477,1,0
861,-0.989683511,-0.572930029,-0.062720471,0.643697317,1,0
862,-0.589614928,-0.620177906,-0.446205033,0.467058726,1,0
863,-0.081461343,-7.07631E-4,-1.085938385,0.273190353,1,0
864,0.057864397,0.26901249,-1.247584589,-0.281979903,1,0
865,-0.426938663,0.223178812,-1.085752772,-0.90848717,1,0
866,-1.609221705,0.262316343,-0.435272394,-1.28330634,1,0
867,-2.442038351,1.166671042,-0.27046612,-1.306676018,1,0
868,-1.735401782,0.256676586,-0.193728837,0.011640346,1,0
869,-1.317815028,-0.310265568,-0.195914437,0.426440227,1,0
870,-0.835819097,-0.263373796,-0.623528621,0.174714053,1,0
871,-0.419192676,0.104369058,-1.03108958,-0.033909107,1,0
872,-0.48817487,0.010231113,-0.861694011,-0.001924538,1,0
873,-0.932555983,-0.077568495,-0.492923964,0.00916535,1,0
874,-1.137180879,0.007760524,-0.422548585,-0.438285446,1,0
875,-0.807888519,-0.472097641,0.264516224,0.613539962,1,?
876,-1.415994173,-1.38878654,2.051325095,0.017780241,1,?
877,-1.954203029,-1.232594225,2.085129963,0.062092196,1,?
878,-1.308282048,0.360339076,-0.429506773,-0.300399588,1,0
879,-0.35265177,-0.08603665,-0.654943715,0.031916278,1,0
880,-0.979869114,-1.151507803,1.218152257,0.538453806,1,0
881,-1.73065288,-2.591775766,3.691638469,-0.965126512,1,?
882,-1.696003486,-1.644057978,2.451925546,-0.125008014,1,?
883,-1.334664835,-0.383250163,0.170479757,0.853567495,1,?
884,-0.50828559,0.183342701,-0.59489773,-0.203160786,1,0
885,-0.141945113,-0.5066501,0.00110739,0.935428001,1,0
886,-0.73348906,-1.775561446,1.789911607,1.156373788,1,?
887,-1.302583366,-2.49835344,3.285283997,0.499681083,1,?
888,-1.056660613,-1.493863229,1.763856104,1.583501055,1,?
889,-0.612198594,-0.28452885,-0.147406655,1.412393129,1,?
890,-0.737815837,0.232703357,-0.850974829,-0.490593543,1,0
891,-0.346077179,0.160766632,-0.706822703,-0.590307342,1,0
892,-0.077187331,-0.446008225,-0.12076879,0.708318522,1,?
893,-0.424451645,-1.596452291,1.181980816,0.739094151,1,?
894,-0.799516382,-1.876054767,1.819934599,0.517529615,1,?
895,-0.375238953,-1.201226269,0.734280925,1.271461122,1,?
896,-0.151149012,-0.220359997,-0.473044753,0.928041089,1,0
897,-0.253519327,0.214012076,-1.154128165,-0.950942878,1,0
898,-1.996063718,0.801398776,-0.370463102,-2.698242757,1,0
899,-0.660742922,0.03773132,-0.433880293,-0.22657806,1,0
900,-0.383924167,-0.804926818,0.53685771,1.041900444,1,?
901,-0.696025502,-2.056918891,1.906616128,-0.01977307,1,?
902,-1.171197086,-2.375658898,2.440185489,-0.744185485,1,?
903,-0.439194347,-1.30522953,0.694722037,0.72001288,1,?
904,0.024101465,-0.216129327,-0.597890749,0.757556672,1,0
905,0.109567624,0.291929329,-1.346168587,-1.403962416,1,0
906,-1.177845548,0.363150435,-0.430302592,-1.352225471,1,0
907,-0.641782492,-0.562349094,0.21064189,0.556917279,1,0
908,-0.780837368,-1.710337906,1.319752476,-0.009301931,1,0
909,-0.761912116,-1.909194731,1.466665603,-0.249947737,1,?
910,0.041946782,-0.917398234,0.071269313,1.091119555,1,?
911,0.561870608,-0.011987146,-1.023131399,0.568611161,1,?
912,0.279363724,0.359265648,-1.401643838,-1.295014977,1,0
913,-1.638770427,0.740758605,-0.287563449,-2.072354238,1,0
914,-1.04417276,-0.459405631,0.455350158,0.567995744,1,?
915,-0.76782186,-1.406421431,1.090728553,0.635082426,1,?
916,-0.342179562,-1.207922416,0.473841908,0.591998926,1,0
917,0.397277194,-0.174877312,-0.781392948,0.878802939,1,?
918,0.688754225,0.448820225,-1.481759288,-0.812485867,1,0
919,0.162301539,0.485844977,-1.44795442,-2.093867669,1,0
920,-2.080558991,1.06653553,-0.259730697,-1.827995938,1,0
921,-1.166835132,-0.02573725,-0.164306769,0.346431208,1,0
922,-0.651174764,-0.711504492,0.027928548,0.862187146,1,?
923,-0.001911963,-0.489374722,-0.573250549,0.72001288,1,0
924,0.406880528,0.049368644,-1.047771599,0.511375441,1,?
925,0.46038482,0.300039675,-1.255333955,-0.251803985,1,0
926,-0.234734782,0.224593011,-1.035845928,-0.755227776,1,0
927,-1.426934235,0.353285119,-0.407439642,-1.291302482,1,0
928,-2.317230179,1.02353025,-0.181204563,-0.986639942,1,0
929,-1.530530646,0.126570278,-0.141244285,0.195028062,1,0
930,-0.933998242,-0.368089268,-0.194325121,0.593845178,1,0
931,-0.325790575,-0.17523001,-0.702066355,0.296579069,1,0
932,-0.059296284,0.082508608,-0.983572511,0.281805244,1,0
933,-0.188575458,-0.017626904,-0.838631527,0.297193058,1,0
934,-0.721599217,-0.141377835,-0.406643824,0.281805244,1,0
935,-0.801521474,-0.113877628,-0.261122798,0.05657105,1,0
936,-0.60234902,-0.737948309,0.736856313,0.793867725,1,?
937,-1.17341324,-1.632062844,2.420904881,0.166099161,1,?
938,-1.69238025,-1.267506197,2.213760156,0.372894632,1,?
939,-0.874724913,0.326483493,-0.508828725,-0.01053943,1,0
940,-0.086203209,-0.208018981,-0.44302408,0.569842091,1,0
941,-0.760399503,-1.49314761,1.752139248,0.891111287,1,?
942,-1.341313297,-2.674276387,3.835187351,-0.400113386,1,?
943,-1.252667132,-1.539339098,2.318330191,0.527375341,1,?
944,-0.898680484,-0.337062083,0.12792785,1.211156882,1,?
945,-0.775103509,0.257375166,-0.606034543,-0.565081417,1,0
946,-0.153027361,-0.303920415,-0.369866819,0.571073021,1,0
947,-0.744253237,-1.488223472,1.332281391,1.201304492,1,?
948,-1.380852301,-2.401744906,3.009555064,0.273804342,1,?
949,-1.248621772,-1.797779705,2.098053307,1.029592096,1,?
950,-0.887459005,-0.410044974,0.071083699,1.397019594,1,?
951,-0.748333775,0.147016529,-0.830882161,-0.350280285,1,0
952,-0.604459643,0.229874959,-0.734270307,-0.984831291,1,0
953,-0.185006395,-0.260553917,-0.400481454,0.501527811,1,0
954,-0.514617458,-1.415945976,0.957736442,0.947736349,1,?
955,-0.929390048,-1.879223936,1.76367049,0.431980412,1,?
956,-0.530517485,-1.402894453,0.918177553,0.950197067,1,?
957,-0.331988771,-0.36773657,-0.31956949,0.930501807,1,?
958,-0.28052123,0.191095237,-1.132063353,-0.757702773,1,0
959,-2.403167711,0.77108721,-0.072859611,-2.582536674,1,0
960,-0.944094055,0.236928915,-0.529304221,-0.811867118,1,0
961,-0.569739895,-0.540846454,0.200897178,0.934809252,1,?
962,-0.788435611,-1.829164699,1.696269569,0.463984019,1,?
963,-1.34377569,-2.54066014,2.704591996,-0.727526855,1,0
964,-0.648782725,-1.538640518,0.985555273,0.716324183,1,?
965,-0.227833045,-0.443892038,-0.30187611,1.136669009,1,0
966,0.019078182,0.280292005,-1.342409913,-1.246990527,1,0
967,-1.495177711,0.548257157,-0.475230352,-2.017571144,1,0
968,-0.840462467,-0.292284794,-0.034878438,0.390743164,1,0
969,-0.918942465,-1.426169101,1.075809863,0.468291465,1,0
970,-0.97216534,-2.023421117,1.642209621,-0.324435611,1,?
971,-0.151477707,-1.010121981,0.092336451,1.003742662,1,?
972,0.322948088,-0.147017592,-0.868051276,0.757556672,1,?
973,0.280419036,0.335650228,-1.444381359,-1.339945681,1,0
974,-1.922016029,0.950894945,-0.355354159,-3.004142796,1,0
975,-1.235993211,-0.223885271,0.303077439,0.454136389,1,?
976,-0.961190101,-1.218145541,0.981982212,1.003742662,1,?
977,-0.588418908,-1.442031984,0.792911606,0.551378047,1,0
978,0.114404469,-0.277829295,-0.707240333,0.96619887,1,0
979,0.438363988,0.389236443,-1.377583681,-0.571840061,1,0
980,0.071344242,0.558838091,-1.534450335,-2.346222112,1,0
981,-2.284234107,1.256225619,-0.425530003,-2.464403191,1,0
982,-1.390103865,0.162538641,-0.288356947,-0.008064433,1,0
983,-0.867935743,-0.567648081,-0.055551148,0.740940879,1,0
984,-0.397917597,-0.628646062,-0.40425869,0.508295974,1,0
985,0.111632517,-0.001065441,-1.045799455,0.469524204,1,0
986,0.144832616,0.265843321,-1.166657079,-0.097307093,1,0
987,-0.34832851,0.220009643,-1.091901221,-0.763842668,1,0
988,-1.447688694,0.221764613,-0.485169958,-1.051275425,1,0
989,-2.527940705,1.174781388,-0.338654275,-1.205772318,1,0
990,-1.762628818,0.260544335,-0.169473786,0.116247022,1,0
991,-1.203771034,-0.274304021,-0.219770419,0.599999828,1,0
992,-0.672527233,-0.303215019,-0.593923259,0.335964829,1,0
993,-0.316679719,0.070871284,-1.015962076,0.070707088,1,0
994,-0.459811615,-0.045842729,-0.83387518,0.195642051,1,0
995,-0.899524733,-0.126230571,-0.453163221,0.180868227,1,0
996,-0.966642544,0.027508195,-0.43288726,-0.230861707,1,0
997,-0.65325021,-0.496072573,0.222961989,0.755095954,1,?
998,-1.238350073,-1.458252676,2.121301404,0.142710445,1,?
999,-1.817540192,-1.380335423,2.317935762,0.055952301,1,?
1000,-1.166694424,0.336348809,-0.368077968,0.011640346,1,0
1001,-0.165283678,-0.067703179,-0.651161838,0.204875692,1,0
1002,-0.754243519,-1.141642487,1.116760854,0.756328693,1,?
1003,-1.496444085,-2.551939655,3.610339733,-0.530003102,1,?
1004,-1.46049314,-1.777333454,2.54415228,0.112553566,1,?
1005,-1.172357929,-0.430494632,0.280014955,1.222865519,1,?
1006,-0.497989267,0.148788537,-0.610605277,-0.17855361,1,0
1007,-0.21341749,-0.528868359,-0.003672159,0.916346731,1,0
1008,-0.835326618,-1.80730425,1.799841932,1.014818271,1,?
1009,-1.408853232,-2.456029701,3.13001826,0.343351742,1,?
1010,-1.204896699,-1.456480668,1.683160612,1.433335407,1,?
1011,-0.80275267,-0.274656719,-0.144821986,1.242522702,1,?
1012,-0.950285216,0.234117556,-0.847772995,-0.605680877,1,0
1013,-0.33133096,0.161124442,-0.744409447,-0.509060824,1,0
1014,-0.102170072,-0.513005476,-0.091351362,0.79940791,1,0
1015,-0.471926591,-1.674028773,1.248964107,0.72986051,1,?
1016,-0.85759369,-1.923643415,1.841210552,0.518143604,1,?
1017,-0.481786718,-1.196642901,0.72831809,1.227149166,1,?
1018,-0.296111698,-0.235168194,-0.446604102,0.880649667,1,0
1019,-0.440042114,0.24856624,-1.175404118,-1.077738849,1,0
1020,-1.854863042,0.809866932,-0.380602242,-2.563450644,1,0
1021,-0.602560082,0.03667493,-0.434676111,-0.097925842,1,0
1022,-0.384771934,-0.877204314,0.558736907,1.130529114,1,?
1023,-0.775666342,-2.16199558,2.046568747,0.089174369,1,?
1024,-1.210032549,-2.412666612,2.449535772,-0.461036375,1,0
1025,-0.540296705,-1.322506611,0.734675354,0.894190753,1,?
1026,-0.111045241,-0.260906615,-0.55216717,0.771097758,1,0
1027,-0.111467366,0.308848602,-1.353941155,-1.514718506,1,0
1028,-1.111642341,0.340591405,-0.438453347,-1.163935359,1,0
1029,-0.58768019,-0.615594538,0.25994549,0.812948996,1,?
1030,-0.80120488,-1.800948873,1.457524136,0.249801637,1,?
1031,-0.805250241,-1.963837336,1.479983376,0.102091946,1,0
1032,-0.095032648,-0.899763343,-0.005273076,1.213013129,1,?
1033,0.377789108,0.006346325,-1.033873784,0.508909964,1,?
1034,0.086227652,0.37442995,-1.384358576,-1.403962416,1,0
1035,-1.557335557,0.66636833,-0.197306538,-1.783065233,1,0
1036,-0.993236393,-0.46116912,0.375049095,0.929887817,1,?
1037,-0.784917906,-1.480811706,1.224509521,0.995127771,1,?
1038,-0.401864462,-1.274917963,0.615001016,0.996974499,1,?
1039,0.206019576,-0.139622865,-0.857912135,0.849878798,1,?
1040,0.476214493,0.486901366,-1.515958585,-0.973122654,1,0
1041,-0.056432872,0.503479868,-1.465657312,-2.202815107,1,0
1042,-1.969856816,1.042920111,-0.314002939,-1.573832843,1,0
1043,-1.103340558,-0.049352669,-0.130311646,0.523682361,1,?
1044,-0.67685401,-0.705506925,0.048206829,0.992662294,1,?
1045,-0.15781735,-0.502066732,-0.542424779,0.876342221,1,0
1046,0.160472332,0.05817757,-1.044592966,0.510756692,1,0
1047,0.221603009,0.302152455,-1.289324437,-0.355182681,1,0
1048,-0.450560051,0.20625954,-1.022922584,-0.831571897,1,0
1049,-1.545375361,0.358924877,-0.407439642,-1.287018835,1,0
1050,-2.221618959,0.977338762,-0.195318153,-0.820482009,1,0
1051,-1.48040335,0.101182851,-0.13090793,0.419667304,1,?
1052,-1.003789508,-0.369145658,-0.161522565,0.766176323,1,?
1053,-0.446426748,-0.190390905,-0.705036172,0.475678377,1,0
1054,-0.259626063,0.124457499,-0.968259393,0.254727831,1,0
1055,-0.364531059,-0.033847596,-0.823132796,0.200563487,1,0
1056,-0.89336875,-0.126230571,-0.447993883,0.173486074,1,0
1057,-0.871629333,-0.118460996,-0.281201544,0.047908563,1,0
1058,-0.702075955,-0.704450535,0.663910187,0.70031762,1,0
1059,-1.288969847,-1.55661618,2.377169688,0.116861011,1,?
1060,-1.856059061,-1.17830943,2.089909512,0.314427601,1,?
1061,-0.966818429,0.297228316,-0.485965776,-0.026531714,1,0
1062,-0.193788697,-0.224590667,-0.413801547,0.539069223,1,0
1063,-0.85843794,-1.472360589,1.76763798,0.614770797,1,?
1064,-1.45275419,-2.658055695,3.754468657,-0.678931252,1,?
1065,-1.41937117,-1.441674175,2.117333915,0.334118101,1,?
1066,-1.077239187,-0.296868162,0.092336451,1.030206086,1,?
1067,-0.443141212,0.176987324,-0.622739763,-0.129958007,1,0
1068,-0.040701695,-0.496777969,-0.070284223,0.988973597,1,?
1069,-0.661024338,-1.76533832,1.728682336,1.028359358,1,?
1070,-1.25794369,-2.548770486,3.31312603,0.252262354,1,?
1071,-1.045122541,-1.51325309,1.718728809,1.294878395,1,?
1072,-0.633093761,-0.296162767,-0.114207351,1.319485571,1,?
1073,-0.752836437,0.236230335,-0.853944645,-0.478884907,1,0
1074,-0.300195754,0.168178398,-0.738632225,-0.48321615,1,0
1075,-0.020179405,-0.467866971,-0.142040103,0.921886915,1,0
1076,-0.347297823,-1.677555751,1.233859804,0.921268166,1,?
1077,-0.715443234,-1.960310358,1.857706957,0.606154477,1,?
1078,-0.282776079,-1.273861574,0.783584525,1.303493287,1,?
1079,-0.109919576,-0.289464916,-0.434079827,1.028978107,1,0
1080,-0.247792503,0.229176379,-1.149371817,-0.902966024,1,0
1081,-1.953288426,0.805283564,-0.335871,-2.536368472,1,0
1082,-0.643154397,0.066628687,-0.427518388,-0.142237797,1,0
1083,-0.398388969,-0.902949551,0.631891849,1.283169758,1,?
1084,-0.673195597,-2.12074527,1.976778051,0.327963927,1,?
1085,-1.090008456,-2.510689344,2.615126263,-0.341046644,1,?
1086,-0.373079082,-1.401139483,0.785765485,1.093594552,1,?
1087,0.02964185,-0.283470757,-0.519364615,1.024665901,1,0
1088,0.073880508,0.313789779,-1.362270563,-1.359650461,1,0
1089,-1.201590057,0.387839283,-0.461116762,-1.319622153,1,0
1090,-0.667145145,-0.595148288,0.240850495,0.804334104,1,?
1091,-0.754137988,-1.825279911,1.525713915,0.350738654,1,?
1092,-0.700352279,-2.011085213,1.557105807,0.052858556,1,?
1093,0.109240478,-0.970285869,0.049993359,1.317010575,1,?
1094,0.55719206,-0.021153882,-1.010602484,0.667086033,1,?
1095,0.25688559,0.339177207,-1.380971128,-1.273453951,1,0
1096,-1.688651483,0.706562251,-0.191540917,-2.034800927,1,0
1097,-1.06432921,-0.50734868,0.579409617,0.93727473,1,?
1098,-0.7873803,-1.488564243,1.230681172,1.123151721,1,?
1099,-0.405385685,-1.301361781,0.564305314,1.054232589,1,?
1100,0.353200351,-0.213660442,-0.794501905,1.056041241,1,?
1101,0.61931473,0.447763835,-1.478789471,-0.730001851,1,0
1102,0.106890651,0.499254309,-1.437629666,-2.129564733,1,0
1103,-2.135505542,1.057028024,-0.293923033,-1.819381046,1,0
1104,-1.214675919,-0.02468086,-0.153172276,0.351352644,1,0
1105,-0.740243053,-0.683646475,0.043241666,0.905885111,1,?
1106,-0.197214941,-0.523569372,-0.545009447,0.842491886,1,0
1107,0.276514383,0.029961745,-1.065660105,0.628309503,1,?
1108,0.357527128,0.286988152,-1.26526428,-0.192737243,1,0
1109,-0.296298137,0.200261973,-1.011205729,-0.712772069,1,0
1110,-1.522791695,0.322598705,-0.396903753,-1.250703022,1,0
1111,-2.392614596,1.037280353,-0.225735574,-0.965745261,1,0
1112,-1.609925246,0.145261559,-0.165896085,0.224566192,1,0
1113,-1.097571521,-0.344113484,-0.181204563,0.596306847,1,0
1114,-0.523869022,-0.192154394,-0.717959516,0.34458448,1,0
1115,-0.2576069,0.094486703,-1.009001568,0.252262354,1,0
1116,-0.328277592,-0.02537944,-0.845592036,0.243033473,1,0
1117,-0.851930185,-0.157249237,-0.390541848,0.233799833,1,0
1118,-0.834623077,-0.059933604,-0.313605262,0.033153777,1,0
1119,-0.658245351,-0.644866754,0.609827038,0.829564789,1,?
1120,-1.273843716,-1.618312741,2.429257491,0.291652874,1,?
1121,-1.797629982,-1.292535816,2.220720664,0.407977706,1,?
1122,-0.866141713,0.327897692,-0.471453116,0.007927851,1,0
1123,-0.058874159,-0.202730217,-0.481791791,0.583997548,1,0
1124,-0.771304388,-1.42863969,1.64260405,0.719398891,1,?
1125,-1.418421389,-2.654886526,3.760431492,-0.619245761,1,?
1126,-1.33389094,-1.561199548,2.330441476,0.29534633,1,?
1127,-0.983773767,-0.345523423,0.124354789,1.107778185,1,?
1128,-0.919505297,0.24820843,-0.608633133,-0.699873529,1,0
1129,-0.296628801,-0.353986467,-0.310225704,0.524913196,1,?
1130,-0.958762884,-1.564027946,1.522512081,1.00558939,1,?
1131,-1.567185131,-2.508576565,3.299808258,0.111939576,1,?
1132,-1.344514408,-1.727257179,2.072809863,1.034513531,1,?
1133,-0.857734399,-0.411808463,-0.014994586,1.354563886,1,?
1134,-0.75280126,0.148788537,-0.876009457,-0.550897783,1,0
1135,-0.728986398,0.244681452,-0.725708882,-1.129428197,1,0
1136,-0.299070088,-0.272187834,-0.402270305,0.395664599,1,0
1137,-0.711081279,-1.453311499,1.02193553,0.717552162,1,?
1138,-1.065806646,-1.920474246,1.948147161,0.43382714,1,?
1139,-0.688251374,-1.431451049,1.01140196,0.982814664,1,?
1140,-0.339266902,-0.344113484,-0.374836621,1.063418634,1,0
1141,-0.325227742,0.157239654,-1.169650098,-0.90848717,1,0
1142,-2.466275338,0.831369572,-0.125938127,-3.018897582,1,0
1143,-1.0186694,0.143489551,-0.469464731,-0.792781088,1,0
1144,-0.644878072,-0.654033489,0.259342246,0.852339516,1,?
1145,-0.96942153,-1.917305077,1.817939253,0.18702716,1,?
1146,-1.464679209,-2.537831742,2.687701162,-0.710297072,1,?
1147,-0.750162981,-1.540054717,1.019151326,0.646776784,1,?
1148,-0.246336173,-0.437545181,-0.421752767,0.991434315,1,?
1149,-0.035347749,0.236571106,-1.370228744,-1.342373082,1,0
1150,-1.633212453,0.47809244,-0.438253812,-1.91538235,1,0
1151,-0.966642544,-0.444244736,0.135886031,0.353813361,1,0
1152,-1.026197288,-1.5968101,1.275808467,0.260263256,1,?
1153,-1.123848777,-2.118274681,1.769424511,-0.363178824,1,?
1154,-0.279300586,-1.085585683,0.164516922,1.01605101,1,?
1155,0.203310943,-0.173819219,-0.869652192,0.770483769,1,0
1156,0.187614944,0.327182073,-1.468441515,-1.399631172,1,0
1157,-1.983505511,0.909286825,-0.307840105,-2.907522743,1,0
1158,-1.320558838,-0.332126017,0.362914608,0.353199372,1,?
1159,-1.054866583,-1.314055494,1.070659087,0.58953678,1,0
1160,-0.713684381,-1.447313932,0.782192424,0.11809375,1,?
1161,0.095387756,-0.298278953,-0.738632225,0.739094151,1,0
1162,0.457078178,0.346231163,-1.424311893,-0.623529409,1,0
1163,0.087261857,0.4988965,-1.533847091,-2.338225969,1,0
1164,-2.381533825,1.254453611,-0.320961127,-2.661926944,1,0
1165,-1.491167528,0.086035587,-0.166292834,0.04976481,1,0
1166,-0.925731635,-0.689644042,0.073659087,0.782178127,1,0
1167,-0.46169007,-0.704450535,-0.336268677,0.614770797,1,0
1168,0.107970586,-0.032791206,-1.06586892,0.497834355,1,0
1169,0.193201059,0.255620196,-1.245194814,-0.247472741,1,0
1170,-0.275307991,0.216482665,-1.114383662,-0.947896729,1,0
1171,-1.508720875,0.272539468,-0.413402477,-1.270407801,1,0
1172,-2.600862729,1.204752183,-0.273647073,-1.608911158,1,0
1173,-1.822148386,0.20414676,-0.074854957,-0.049948988,1,0
1174,-1.280034877,-0.35187028,-0.09790584,0.588921363,1,0
1175,-0.769897306,-0.341292923,-0.500081687,0.390743164,1,0
1176,-0.36218475,0.095202322,-0.989535346,0.139635738,1,0
1177,-0.467557602,0.017983649,-0.87303964,-0.039477849,1,0
1178,-0.88263975,-0.110009879,-0.473241967,-0.034527856,1,0
1179,-1.305608592,-0.020455301,-0.282394111,-0.571840061,1,0
1180,-0.932907753,-0.541204264,0.371452832,0.740326889,1,?
1181,-1.415255455,-1.447313932,2.117728343,0.489214704,1,?
1182,-1.92820719,-1.316168274,2.284525323,0.381509523,1,?
1183,-1.409838189,0.344459155,-0.34263035,-0.441997941,1,0
1184,-0.411161756,-0.031734816,-0.670860077,0.015923994,1,0
1185,-0.948174593,-1.13564492,1.148779192,0.620308601,1,0
1186,-1.645489243,-2.553353854,3.64590793,-0.766317664,1,?
1187,-1.56732584,-1.742421481,2.588699533,-0.151471437,1,?
1188,-1.214957335,-0.442130253,0.303471868,0.975432511,1,?
1189,-1.029926055,0.276424256,-0.642623615,-0.78849744,1,0
1190,-0.444970418,-0.320843606,-0.31181618,0.457211096,1,0
1191,-1.055394239,-1.500201567,1.425505798,0.904038383,1,?
1192,-1.700998627,-2.531834175,3.308160868,-0.232717955,1,?
1193,-1.474282544,-1.740308702,2.066243784,0.748327791,1,?
1194,-1.022327813,-0.395942173,0.020387998,1.099734447,1,?
1195,-0.846442566,0.16359503,-0.859907481,-0.561987671,1,0
1196,-0.861357635,0.300738256,-0.774038011,-1.285162587,1,0
1197,-0.441213509,-0.216482024,-0.437657529,0.316274329,1,0
1198,-0.781751972,-1.409249829,0.978594765,0.76986502,1,?
1199,-1.177564132,-1.941278306,1.941789897,0.280577265,1,?
1200,-0.797827883,-1.45050014,0.984975231,0.8289508,1,?
1201,-0.459811615,-0.33318377,-0.371059386,0.832644256,1,0
1202,-0.400031738,0.176288744,-1.15830447,-0.930048197,1,0
1203,-2.523051095,0.863095337,-0.166889117,-3.044742256,1,0
1204,-1.127788607,0.230931349,-0.541232211,-0.930048197,1,0
1205,-0.737956545,-0.560594124,0.139064663,0.816028462,1,?
1206,-1.009101242,-1.903554974,1.762069574,0.329196666,1,?
1207,-1.48684075,-2.493054453,2.644546011,-0.777407552,1,?
1208,-0.840321759,-1.516081488,0.960706259,0.505835257,1,0
1209,-0.395571288,-0.412864853,-0.40644661,0.793253736,1,?
1210,-0.14377643,0.251735408,-1.352734667,-1.463029157,1,0
1211,-1.699204598,0.517587781,-0.474833603,-2.037228328,1,0
1212,-1.0165236,-0.369145658,0.001501818,0.348891926,1,0
1213,-1.074213961,-1.495618199,1.118152955,0.270729635,1,?
1214,-1.195996906,-2.086889687,1.713763646,-0.438904195,1,?
1215,-0.404070063,-1.084870065,0.191755711,0.804334104,1,0
1216,0.058662916,-0.157249237,-0.837633854,0.613539962,1,0
1217,0.064298279,0.336008038,-1.421133261,-1.524570895,1,0
1218,-2.066699233,0.905419076,-0.298895156,-3.033081215,1,0
1219,-1.411843281,-0.249270995,0.219968971,0.349505915,1,?
1220,-1.129406751,-1.298175573,1.04877989,0.746481063,1,0
1221,-0.798285185,-1.478698927,0.84938453,0.30519396,1,?
1222,-0.046759183,-0.297926256,-0.731277288,0.800026659,1,0
1223,0.318902728,0.376542729,-1.415170426,-0.669697612,1,0
1224,-0.05802991,0.522171149,-1.519346032,-2.474826734,1,0
1225,-2.447350085,1.308397635,-0.383186911,-2.747504705,1,0
1226,-1.583542459,0.097655872,-0.139654969,0.041768668,1,0
1227,-1.054514813,-0.618065127,0.024355487,0.723092347,1,0
1228,-0.624440207,-0.654033489,-0.360323962,0.510142703,1,0
1229,-0.068593578,0.028206775,-1.102040361,0.250415626,1,0
1230,0.065944565,0.298983286,-1.270229442,-0.418580667,1,0
1231,-0.42642156,0.252093218,-1.133061026,-1.125763299,1,0
1232,-1.603417492,0.318373147,-0.475826636,-1.422429697,1,0
1233,-2.629778263,1.240004927,-0.264104216,-1.661838005,1,0
1234,-1.892502484,0.281007624,-0.132297711,-0.144712793,1,0
1235,-1.396400556,-0.275714812,-0.17186124,0.426440227,1,0
1236,-0.879403461,-0.298631651,-0.557543002,0.172253335,1,0
1237,-0.46469419,0.150901316,-1.05354882,-0.005637033,1,0
1238,-0.537447364,0.065572298,-0.909814325,-0.120724366,1,0
1239,-1.012935541,-0.050068288,-0.52970329,-0.1373354,1,0
1240,-1.401712291,-0.00457538,-0.28100201,-0.594590989,1,0
1241,-0.95499894,-0.473508432,0.306464887,0.588305945,1,?
1242,-1.420813429,-1.34542345,2.017148999,0.172867325,1,?
1243,-1.935207422,-1.211449394,2.094874675,0.154404803,1,?
1244,-1.531656311,0.366319604,-0.379210141,-0.439522944,1,0
1245,-0.550286987,-0.013043536,-0.639236168,-0.089929699,1,0
1246,-1.016558777,-1.103919155,1.173024962,0.540300058,1,0
1247,-1.727627654,-2.547714096,3.639365052,-0.87712135,1,?
1248,-1.628533906,-1.721617421,2.489883518,-0.195164644,1,0
1249,-1.341559536,-0.448122708,0.263309735,0.908959819,1,?
1250,-1.009664075,0.286289572,-0.652948369,-0.810629619,1,0
1251,-0.425858727,-0.305329502,-0.331497481,0.398744065,1,0
1252,-1.105275295,-1.49069406,1.423719267,0.84803207,1,?
1253,-1.754221503,-2.471909622,3.258462839,-0.145950292,1,?
1254,-1.520751426,-1.66203364,1.954318811,0.793253736,1,?
1255,-1.034956374,-0.366325779,0.02096804,1.141619002,1,?
1256,-0.91422874,0.18721045,-0.884176453,-0.586594847,1,0
1257,-0.820024602,0.27006888,-0.738237797,-1.264839059,1,0
1258,-0.370824233,-0.232346611,-0.413801547,0.251034375,1,0
1259,-0.799375674,-1.401139483,0.986761761,0.660313111,1,?
1260,-1.207886748,-1.887692091,1.897660274,0.219644757,1,?
1261,-0.825019743,-1.377166254,0.976413806,0.798179931,1,?
1262,-0.506104612,-0.31308698,-0.38139574,0.784638844,1,0
1263,-0.461549362,0.22740437,-1.177585077,-1.000823575,1,0
1264,-2.492200823,0.829955373,-0.165100267,-3.044742256,1,0
1265,-1.048288475,0.202374752,-0.51737623,-0.877740099,1,0
1266,-0.658315705,-0.571532868,0.166303452,0.767404302,1,?
1267,-1.016312537,-1.867944421,1.731860968,0.153176824,1,?
1268,-1.538937961,-2.521968859,2.705798484,-1.009438467,1,?
1269,-0.899770973,-1.502672155,0.97483609,0.342737752,1,?
1270,-0.414025168,-0.383601157,-0.423541618,0.678161642,1,0
1271,-0.177727911,0.309904991,-1.37797811,-1.456889262,1,0
1272,-1.641725299,0.510176015,-0.438453347,-1.965263047,1,0
1273,-0.985391911,-0.401936332,0.068299496,0.362433012,1,0
1274,-1.050504629,-1.582003607,1.28256016,0.249187647,1,?
1275,-1.242571319,-2.109806526,1.757313226,-0.547851634,1,?
1276,-0.468496829,-1.091924021,0.186372918,0.80864155,1,0
1277,0.045232319,-0.156899947,-0.851554871,0.564302954,1,0
1278,0.037155668,0.336008038,-1.441805971,-1.49934497,1,0
1279,-2.01738101,0.931862893,-0.317382498,-2.954309694,1,0
1280,-1.332870805,-0.266899071,0.28994528,0.387049707,1,?
1281,-1.134296361,-1.301003971,1.056923684,0.785866823,1,0
1282,-0.855518244,-1.453311499,0.795301381,0.367354447,1,?
1283,-0.098321702,-0.307445689,-0.71459527,0.850492788,1,0
1284,0.272363491,0.366677413,-1.429485871,-0.676456256,1,0
1285,-0.048732616,0.504894067,-1.518928402,-2.399148958,1,0
1286,-2.41259516,1.29641954,-0.318972974,-2.693959109,1,0
1287,-1.55730038,0.119175551,-0.178420359,0.015305245,1,0
1288,-1.08793301,-0.601145855,-0.007639649,0.645544045,1,0
1289,-0.6483606,-0.689644042,-0.348395971,0.475678377,1,0
1290,-0.113767945,0.008816914,-1.105427809,0.256574559,1,0
1291,0.031661013,0.293343528,-1.2696494,-0.380408607,1,0
1292,-0.422713899,0.261958534,-1.122527457,-1.064221561,1,0
1293,-1.549033774,0.299681866,-0.463501896,-1.342991831,1,0
1294,-2.627773171,1.25586781,-0.285772278,-1.593490027,1,0
1295,-1.891974829,0.234816136,-0.07763916,-0.120105617,1,0
1296,-1.416592183,-0.288406822,-0.158937897,0.408591695,1,0
1297,-0.915002635,-0.306387596,-0.567078899,0.156865521,1,0
1298,-0.49052118,0.131869265,-1.048769271,-0.057326381,1,0
1299,-0.532557754,0.047238826,-0.924315384,-0.040096598,1,0
1300,-0.971391445,-0.082509672,-0.514791561,-0.044998995,1,0
1301,-1.462709295,-0.00317822,-0.332491441,-0.627241904,1,0
1302,-1.057469685,-0.490432816,0.303866297,0.487986725,1,?
1303,-1.534927777,-1.363756922,2.01812347,0.084224376,1,?
1304,-2.014953793,-1.204395438,2.073204292,0.035010024,1,?
1305,-1.522826872,0.360679847,-0.394319084,-0.472126262,1,0
1306,-0.583283059,-0.029622037,-0.667681445,-0.107778231,1,0
1307,-1.081460433,-1.079945926,1.063884193,0.500909062,1,?
1308,-1.782609382,-2.50010841,3.554261238,-0.963889013,1,0
1309,-1.661213384,-1.667332626,2.422505798,-0.336096651,1,?
1310,-1.329528985,-0.413570249,0.286581035,0.822796626,1,?
1311,-0.546136095,0.240813703,-0.636451964,-0.364416322,1,0
1312,0.044201631,-0.38042858,-0.281797828,0.77971265,1,0
1313,-0.682974817,-1.57460888,1.508219838,1.15209014,1,?
1314,-1.385882619,-2.468723415,3.193242876,0.209183138,1,?
1315,-1.19022787,-1.737139533,2.05728793,1.120676724,1,?
1316,-0.716428191,-0.393825986,0.051594276,1.476409864,1,?
1317,-0.598162951,0.152656286,-0.88714627,-0.330575506,1,0
1318,-0.325931283,0.193923635,-0.750163467,-0.7816912,1,0
1319,0.080877223,-0.335299105,-0.367878433,0.678780392,1,0
1320,-0.406089226,-1.479056736,1.030891384,0.864033874,1,?
1321,-0.854920235,-1.946219483,1.92211486,0.505835257,1,?
1322,-0.494935899,-1.420870115,0.975624948,1.058516237,1,?
1323,-0.161479984,-0.357159043,-0.35058157,1.147758896,1,0
1324,-0.130580816,0.171705376,-1.147167656,-0.705394675,1,0
1325,-2.096107246,0.75028315,-0.115996201,-2.58563042,1,0
1326,-0.607871816,0.127984477,-0.519364615,-0.400113386,1,0
1327,-0.237130339,-0.631457421,0.171083001,1.158230035,1,?
1328,-0.643928292,-1.975133889,1.871813587,0.401204783,1,?
1329,-1.196348676,-2.591434995,2.801621481,-0.6832149,1,?
1330,-0.539698695,-1.562971556,1.071053516,0.742787607,1,?
1331,-0.073666108,-0.416391831,-0.417975531,1.139144005,1,0
1332,0.165449885,0.246794231,-1.368047785,-1.192207433,1,0
1333,-1.159307243,0.442481887,-0.459128376,-1.461791659,1,0
1334,-0.533648242,-0.380781278,-0.026943459,0.763710846,1,?
1335,-0.704186578,-1.561915166,1.196296261,0.506449246,1,?
1336,-0.875287746,-2.179272662,1.878170851,-0.104684486,1,?
1337,-0.070049908,-1.096865198,0.167486739,1.254850088,1,?
1338,0.403573886,-0.17946068,-0.861113969,0.959430707,1,?
1339,0.393161479,0.320145155,-1.464474026,-1.216862205,1,0
1340,-1.611684099,0.886029215,-0.34362431,-2.48715412,1,0
1341,-0.948456009,-0.344466181,0.328320882,0.79879392,1,?
1342,-0.767434913,-1.319695252,1.037643077,1.144046402,1,?
1343,-0.490004077,-1.471304199,0.832493697,0.723706336,1,?
1344,0.320591226,-0.287348729,-0.760116994,1.198210747,1,?
1345,0.631134218,0.370204392,-1.438812952,-0.437666697,1,0
1346,0.2896706,0.502764249,-1.550737925,-2.228659782,1,0
1347,-2.047105617,1.226612633,-0.421555553,-2.249602059,1,0
1348,-1.20035886,0.071927674,-0.202076807,0.375974098,1,?
1349,-0.710166676,-0.69492599,0.07205817,0.99635575,1,?
1350,-0.229570792,-0.703036336,-0.346407586,0.835723722,1,?
1351,0.311163777,-0.003518991,-1.092504465,0.598153099,1,?
1352,0.371422062,0.256676586,-1.25951026,-0.111490726,1,0
1353,-0.11179803,0.221423842,-1.120137683,-0.787259942,1,0
1354,-1.34592149,0.244340681,-0.491334648,-1.109771014,1,0
1355,-2.320607176,1.156447917,-0.374437552,-1.162697861,1,0
1356,-1.587306404,0.170648987,-0.122358106,0.25595581,1,?
1357,-1.063625669,-0.394178684,-0.107448697,0.771711748,1,?
1358,-0.508426298,-0.359978922,-0.534473558,0.568611161,1,0
1359,-0.129313035,0.096957292,-1.00642618,0.271343625,1,0
1360,-0.239620875,0.002461538,-0.89728541,0.183947693,1,0
1361,-0.705980607,-0.146319012,-0.489543477,0.167945889,1,0
1362,-0.914791573,-0.056065854,-0.313804101,-0.231480456,1,0
1363,-0.562985901,-0.570118669,0.35416757,0.881882406,1,0
1364,-1.151286876,-1.457196287,2.108401262,0.366740458,1,?
1365,-1.737160634,-1.317923243,2.20162567,0.31565558,1,?
1366,-1.000342157,0.310262801,-0.417578782,-0.049330239,1,0
1367,-0.009707197,-0.097656936,-0.660720936,0.300886515,1,0
1368,-0.641078951,-1.158561759,1.178593369,0.72986051,1,?
1369,-1.47182015,-2.620690172,3.757647289,-0.754609027,1,?
1370,-1.406179776,-1.755830814,2.551112789,-0.043142748,1,?
1371,-1.046740685,-0.439661368,0.298506705,1.13605026,1,?
