rowId,6,label
3,3.724685036,0
4,3.794013963,0
8,3.840977675,0
26,3.827688344,0
48,3.634468686,0
55,3.709931803,0
70,3.578336486,0
86,3.797279769,0
89,3.74124326,0
91,3.758475171,0
93,3.810175536,0
94,3.824511283,0
95,3.689152418,0
113,3.725409656,0
114,3.580831371,0
152,3.630857933,0
159,3.661663158,0
171,3.618645115,0
189,3.713432204,0
221,3.774389031,0
237,3.718995341,0
258,3.716902509,0
260,3.667463977,0
262,3.829050383,0
270,3.857705671,0
272,3.573041127,0
290,3.853005287,0
295,3.85999297,0
298,3.669319899,0
307,3.82650148,0
309,3.847010773,0
323,3.620203935,0
344,3.736789817,0
345,3.803890866,0
360,3.590537729,0
377,3.74781037,0
392,3.645547887,0
398,3.618131939,0
421,3.734259435,0
469,3.672934511,0
480,3.582417972,0
484,3.78200873,0
517,3.639700767,0
518,3.83055287,0
528,3.655508133,0
533,3.854716903,0
537,3.650093161,0
547,3.812136409,0
568,3.681476384,0
575,3.566163024,0
592,3.693936916,0
596,3.620733317,0
611,3.604219852,0
614,3.740061797,0
616,3.638709141,0
618,3.76269479,0
644,3.572497083,0
652,3.57995164,0
675,3.848005486,0
687,3.720338859,0
696,3.642426388,0
722,3.594081345,0
732,3.82151557,0
745,3.839055387,0
751,3.842160681,0
759,3.683282147,0
766,3.676130865,0
779,3.669574558,0
782,3.672462235,0
810,3.79897518,0
821,3.846468273,0
827,3.75637848,0
832,3.827917537,0
847,3.646875199,0
849,3.757549911,0
863,3.861208387,0
894,3.604382679,0
895,3.817963465,0
899,3.635511244,0
910,3.71214965,0
929,3.850396963,0
933,3.828478558,0
949,3.661197056,0
953,3.785081613,0
961,3.688924768,0
997,3.750603128,0
1006,3.728375274,0
1017,3.59480828,0
1043,3.608534389,0
1061,3.708259544,0
1068,3.72339708,0
1085,3.732207503,0
1093,3.655128459,0
1102,3.848831969,0
1135,3.676452661,0
1160,3.66214701,0
1168,3.693209981,0
1189,3.86131025,0
1192,3.738324715,0
1197,3.692374237,0
1201,3.8523779,0
1228,3.817397814,0
1231,3.848137445,0
1243,3.782751099,0
1248,3.653879088,0
1253,3.636616309,0
1261,3.734141366,0
1268,3.635161667,0
1322,3.618016185,0
1330,3.862828943,0
1350,3.732206731,0
1358,3.652976978,0
1390,3.857813708,0
1399,3.718836373,0
1417,3.732219078,0
1423,3.817631637,0
1432,3.635116908,0
1444,3.741124419,0
1485,3.6070674,0
1493,3.686203777,0
1496,3.749156974,0
1498,3.593576657,0
1501,3.821437629,0
1505,3.670674221,0
1531,3.727682293,0
1573,3.861580343,0
1596,3.823445575,0
1597,3.656543745,0
1628,3.747984001,0
1636,3.829138356,1
1643,3.801793404,1
1646,3.751750636,1
1657,3.731810852,1
1690,3.726439867,1
1705,3.613655346,1
1710,3.741051108,1
1728,3.758489062,1
1729,3.768421526,1
1756,3.684212809,1
1771,3.823706407,1
1772,3.668685568,1
1774,3.636729748,1
1779,3.68169786,1
1780,3.641756558,1
1789,3.858414857,1
1797,3.822463981,1
1799,3.636141717,1
1802,3.661926306,1
1808,3.617171952,1
1813,3.589951242,1
1823,3.757127023,1
1827,3.749694073,1
1834,3.664813211,1
1857,3.705388845,1
1865,3.701637644,1
1866,3.62255297,1
1867,3.831106174,1
1875,3.830135384,1
1877,3.828221584,1
1886,3.760338039,1
1913,3.695921711,1
1930,3.714535726,1
1937,3.703023605,1
1942,3.581398565,1
1947,3.785398779,1
1952,3.598184438,1
1958,3.815051095,1
1970,3.727017865,1
1981,3.783565236,1
1998,3.731209703,1
2016,3.742420092,1
2026,3.864197155,1
2036,3.679671394,1
2046,3.588221106,1
2069,3.604879649,1
2072,3.644644234,1
2073,3.645118826,1
2082,3.779286196,1
2095,3.606207734,1
2099,3.651696739,1
2104,3.730570741,1
2112,3.770258928,1
2126,3.755821318,1
2132,3.584455243,1
2137,3.792442796,1
2142,3.593280327,1
2145,3.821398272,1
2156,3.630151834,1
2158,3.605149742,1
2193,3.688435514,1
2207,3.684732158,1
2209,3.68011203,1
2226,3.595059852,1
2237,3.579811192,1
2244,3.704764545,1
2246,3.827581079,1
2263,3.705621125,1
2267,3.721067338,1
2282,3.575289841,1
2284,3.785546944,1
2304,3.580296587,1
2314,3.624813259,1
2317,3.804012794,1
2319,3.74367255,1
2335,3.616800768,1
2346,3.569385616,1
2363,3.57332511,1
2371,3.818485902,1
2407,3.599902999,1
2411,3.74522211,1
2418,3.648271964,1
2424,3.709910196,1
2429,3.682739646,1
2431,3.839066191,1
2434,3.789899295,1
2441,3.622697276,1
2450,3.592289473,1
2452,3.713192208,1
2464,3.780391261,1
2465,3.666152098,1
2466,3.594718764,1
2480,3.675894726,1
2500,3.690404104,1
2512,3.711453583,1
2545,3.785474405,1
2548,3.804871688,1
2552,3.649648665,1
2560,3.670370174,1
2565,3.75105071,1
2586,3.667357483,1
2589,3.59426578,1
2621,3.863430092,1
2622,3.722945639,1
2639,3.614427039,1
2645,3.577351806,1
2659,3.601040475,1
2668,3.854420572,1
2676,3.765490635,1
2678,3.749948732,1
2679,3.7077155,1
2680,3.773863508,1
2686,3.619283305,1
2703,3.755700162,1
2719,3.801091163,1
2722,3.731174977,1
2725,3.650691223,1
2730,3.584902825,1
2736,3.830437116,1
2753,3.718381845,1
2754,3.860817138,1
2764,3.634609134,1
2766,3.648502701,1
2767,3.661839104,1
2772,3.773671356,1
2776,3.604962221,1
2787,3.718850263,1
2796,3.858702699,1
2812,3.713808019,1
2815,3.804973552,1
2831,3.615644771,1
2834,3.741690842,1
2837,3.614191673,1
2840,3.839462069,1
2850,3.621504238,1
2858,3.655611539,1
2872,3.616944303,1
2874,3.682015026,1
2881,3.622972771,1
2918,3.853352549,1
2927,3.795095877,1
2932,3.608916377,1
2938,3.617560114,1
2967,3.743334548,1
2978,3.623718227,1
2992,3.759142686,1
2993,3.837748138,1
2998,3.584665143,1
2999,3.59524583,1
3001,3.671113315,1
3014,3.706775578,1
3023,3.690508283,1
3026,3.734309595,1
3043,3.83837784,1
3045,3.775716343,1
3078,3.760599643,1
3080,3.675866946,1
3082,3.69418463,1
3086,3.584415886,1
3090,3.706874354,1
3096,3.668488786,1
3097,3.596022154,1
3101,3.786063207,1
3112,3.838556101,1
3116,3.578355779,1
3130,3.66592059,1
3135,3.685564815,1
3140,3.807003105,1
3141,3.833371866,1
3143,3.683269028,1
3149,3.581149308,1
3169,3.586394508,1
3170,3.571895162,1
3174,3.848371268,1
3176,3.663201915,1
3177,3.676843909,1
3178,3.57578141,1
3185,3.676253564,1
3187,3.569610178,1
3192,3.804661788,1
3193,3.594178578,1
3194,3.65176079,1
3198,3.721833629,1
3199,3.864748144,1
3211,3.625693761,1
3223,3.818158704,1
3235,3.64214935,1
3243,3.739358013,1
3252,3.655221834,1
3267,3.668450973,1
3278,3.595369301,1
3293,3.755513412,1
3296,3.621595298,1
3299,3.567802101,1
3300,3.830477244,1
3314,3.651587159,1
3327,3.848115838,1
3338,3.664966777,1
3341,3.845491309,1
3344,3.737701959,1
3351,3.597126447,1
3360,3.657217433,1
3365,3.600692442,1
3376,3.622967369,1
3387,3.759530076,1
3389,3.840334083,1
3421,3.565291783,1
3426,3.57729007,1
3444,3.607433954,1
3463,3.675501163,1
3467,3.61784101,1
3486,3.646716231,1
3491,3.761493264,1
3515,3.597406571,1
3527,3.702021947,1
3546,3.864399339,1
3560,3.82032639,1
3576,3.76824095,1
3582,3.825807728,1
3584,3.714034897,1
3586,3.756947218,1
3591,3.777096902,1
3594,3.635566806,1
3608,3.73663162,1
3610,3.572256315,1
3616,3.566297299,1
3617,3.720578084,1
3620,3.857148508,1
3634,3.863995743,1
3638,3.566059617,1
3645,3.775365994,1
3678,3.574307475,1
3687,3.737996746,1
3688,3.686958493,1
3698,3.833344085,1
3705,3.596865614,1
3724,3.587264978,1
3729,3.675019626,1
3731,3.601001891,1
3734,3.842489422,1
3743,3.589149453,1
3749,3.734575829,1
3750,3.789390749,1
3751,3.749332921,1
3757,3.6470442,1
3760,3.644271506,1
3765,3.857558277,1
3766,3.667459347,1
3771,3.669513594,1
3785,3.606109729,1
3791,3.590930521,1
3813,3.724685036,0
3814,3.794013963,0
3818,3.840977675,0
3836,3.827688344,0
3858,3.634468686,0
3865,3.709931803,0
3880,3.578336486,0
3896,3.797279769,0
3899,3.74124326,0
3901,3.758475171,0
3903,3.810175536,0
3904,3.824511283,0
3905,3.689152418,0
3923,3.725409656,0
3924,3.580831371,0
3962,3.630857933,0
3969,3.661663158,0
3981,3.618645115,0
3999,3.713432204,0
4031,3.774389031,0
4047,3.718995341,0
4068,3.716902509,0
4070,3.667463977,0
4072,3.829050383,0
4080,3.857705671,0
4082,3.573041127,0
4100,3.853005287,0
4105,3.85999297,0
4108,3.669319899,0
4117,3.82650148,0
4119,3.847010773,0
4133,3.620203935,0
4154,3.736789817,0
4155,3.803890866,0
4170,3.590537729,0
4187,3.74781037,0
4202,3.645547887,0
4208,3.618131939,0
4231,3.734259435,0
4279,3.672934511,0
4290,3.582417972,0
4294,3.78200873,0
4327,3.639700767,0
4328,3.83055287,0
4338,3.655508133,0
4343,3.854716903,0
4347,3.650093161,0
4357,3.812136409,0
4378,3.681476384,0
4385,3.566163024,0
4402,3.693936916,0
4406,3.620733317,0
4421,3.604219852,0
4424,3.740061797,0
4426,3.638709141,0
4428,3.76269479,0
4454,3.572497083,0
4462,3.57995164,0
4485,3.848005486,0
4497,3.720338859,0
4506,3.642426388,0
4532,3.594081345,0
4542,3.82151557,0
4555,3.839055387,0
4561,3.842160681,0
4569,3.683282147,0
4576,3.676130865,0
4589,3.669574558,0
4592,3.672462235,0
4620,3.79897518,0
4631,3.846468273,0
4637,3.75637848,0
4642,3.827917537,0
4657,3.646875199,0
4659,3.757549911,0
4673,3.861208387,0
4704,3.604382679,0
4705,3.817963465,0
4709,3.635511244,0
4720,3.71214965,0
4739,3.850396963,0
4743,3.828478558,0
4759,3.661197056,0
4763,3.785081613,0
4771,3.688924768,0
4807,3.750603128,0
4816,3.728375274,0
4827,3.59480828,0
4853,3.608534389,0
4871,3.708259544,0
4878,3.72339708,0
4895,3.732207503,0
4903,3.655128459,0
4912,3.848831969,0
4945,3.676452661,0
4970,3.66214701,0
4978,3.693209981,0
4999,3.86131025,0
5002,3.738324715,0
5007,3.692374237,0
5011,3.8523779,0
5038,3.817397814,0
5041,3.848137445,0
5053,3.782751099,0
5058,3.653879088,0
5063,3.636616309,0
5071,3.734141366,0
5078,3.635161667,0
5132,3.618016185,0
5140,3.862828943,0
5160,3.732206731,0
5168,3.652976978,0
5200,3.857813708,0
5209,3.718836373,0
5227,3.732219078,0
5233,3.817631637,0
5242,3.635116908,0
5254,3.741124419,0
5295,3.6070674,0
5303,3.686203777,0
5306,3.749156974,0
5308,3.593576657,0
5311,3.821437629,0
5315,3.670674221,0
5341,3.727682293,0
5383,3.861580343,0
5406,3.823445575,0
5407,3.656543745,0
5438,3.747984001,0
5446,3.829138356,1
5453,3.801793404,1
5456,3.751750636,1
5467,3.731810852,1
5500,3.726439867,1
5515,3.613655346,1
5520,3.741051108,1
5538,3.758489062,1
5539,3.768421526,1
5566,3.684212809,1
5581,3.823706407,1
5582,3.668685568,1
5584,3.636729748,1
5589,3.68169786,1
5590,3.641756558,1
5599,3.858414857,1
5607,3.822463981,1
5609,3.636141717,1
5612,3.661926306,1
5618,3.617171952,1
5623,3.589951242,1
5633,3.757127023,1
5637,3.749694073,1
5644,3.664813211,1
5667,3.705388845,1
5675,3.701637644,1
5676,3.62255297,1
5677,3.831106174,1
5685,3.830135384,1
5687,3.828221584,1
5696,3.760338039,1
5723,3.695921711,1
5740,3.714535726,1
5747,3.703023605,1
5752,3.581398565,1
5757,3.785398779,1
5762,3.598184438,1
5768,3.815051095,1
5780,3.727017865,1
5791,3.783565236,1
5808,3.731209703,1
5826,3.742420092,1
5836,3.864197155,1
5846,3.679671394,1
5856,3.588221106,1
5879,3.604879649,1
5882,3.644644234,1
5883,3.645118826,1
5892,3.779286196,1
5905,3.606207734,1
5909,3.651696739,1
5914,3.730570741,1
5922,3.770258928,1
5936,3.755821318,1
5942,3.584455243,1
5947,3.792442796,1
5952,3.593280327,1
5955,3.821398272,1
5966,3.630151834,1
5968,3.605149742,1
6003,3.688435514,1
6017,3.684732158,1
6019,3.68011203,1
6036,3.595059852,1
6047,3.579811192,1
6054,3.704764545,1
6056,3.827581079,1
6073,3.705621125,1
6077,3.721067338,1
6092,3.575289841,1
6094,3.785546944,1
6114,3.580296587,1
6124,3.624813259,1
6127,3.804012794,1
6129,3.74367255,1
6145,3.616800768,1
6156,3.569385616,1
6173,3.57332511,1
6181,3.818485902,1
6217,3.599902999,1
6221,3.74522211,1
6228,3.648271964,1
6234,3.709910196,1
6239,3.682739646,1
6241,3.839066191,1
6244,3.789899295,1
6251,3.622697276,1
6260,3.592289473,1
6262,3.713192208,1
6274,3.780391261,1
6275,3.666152098,1
6276,3.594718764,1
6290,3.675894726,1
6310,3.690404104,1
6322,3.711453583,1
6355,3.785474405,1
6358,3.804871688,1
6362,3.649648665,1
6370,3.670370174,1
6375,3.75105071,1
6396,3.667357483,1
6399,3.59426578,1
6431,3.863430092,1
6432,3.722945639,1
6449,3.614427039,1
6455,3.577351806,1
6469,3.601040475,1
6478,3.854420572,1
6486,3.765490635,1
6488,3.749948732,1
6489,3.7077155,1
6490,3.773863508,1
6496,3.619283305,1
6513,3.755700162,1
6529,3.801091163,1
6532,3.731174977,1
6535,3.650691223,1
6540,3.584902825,1
6546,3.830437116,1
6563,3.718381845,1
6564,3.860817138,1
6574,3.634609134,1
6576,3.648502701,1
6577,3.661839104,1
6582,3.773671356,1
6586,3.604962221,1
6597,3.718850263,1
6606,3.858702699,1
6622,3.713808019,1
6625,3.804973552,1
6641,3.615644771,1
6644,3.741690842,1
6647,3.614191673,1
6650,3.839462069,1
6660,3.621504238,1
6668,3.655611539,1
6682,3.616944303,1
6684,3.682015026,1
6691,3.622972771,1
6728,3.853352549,1
6737,3.795095877,1
6742,3.608916377,1
6748,3.617560114,1
6777,3.743334548,1
6788,3.623718227,1
6802,3.759142686,1
6803,3.837748138,1
6808,3.584665143,1
6809,3.59524583,1
6811,3.671113315,1
6824,3.706775578,1
6833,3.690508283,1
6836,3.734309595,1
6853,3.83837784,1
6855,3.775716343,1
6888,3.760599643,1
6890,3.675866946,1
6892,3.69418463,1
6896,3.584415886,1
6900,3.706874354,1
6906,3.668488786,1
6907,3.596022154,1
6911,3.786063207,1
6922,3.838556101,1
6926,3.578355779,1
6940,3.66592059,1
6945,3.685564815,1
6950,3.807003105,1
6951,3.833371866,1
6953,3.683269028,1
6959,3.581149308,1
6979,3.586394508,1
6980,3.571895162,1
6984,3.848371268,1
6986,3.663201915,1
6987,3.676843909,1
6988,3.57578141,1
6995,3.676253564,1
6997,3.569610178,1
7002,3.804661788,1
7003,3.594178578,1
7004,3.65176079,1
7008,3.721833629,1
7009,3.864748144,1
7021,3.625693761,1
7033,3.818158704,1
7045,3.64214935,1
7053,3.739358013,1
7062,3.655221834,1
7077,3.668450973,1
7088,3.595369301,1
7103,3.755513412,1
7106,3.621595298,1
7109,3.567802101,1
7110,3.830477244,1
7124,3.651587159,1
7137,3.848115838,1
7148,3.664966777,1
7151,3.845491309,1
7154,3.737701959,1
7161,3.597126447,1
7170,3.657217433,1
7175,3.600692442,1
7186,3.622967369,1
7197,3.759530076,1
7199,3.840334083,1
7231,3.565291783,1
7236,3.57729007,1
7254,3.607433954,1
7273,3.675501163,1
7277,3.61784101,1
7296,3.646716231,1
7301,3.761493264,1
7325,3.597406571,1
7337,3.702021947,1
7356,3.864399339,1
7370,3.82032639,1
7386,3.76824095,1
7392,3.825807728,1
7394,3.714034897,1
7396,3.756947218,1
7401,3.777096902,1
7404,3.635566806,1
7418,3.73663162,1
7420,3.572256315,1
7426,3.566297299,1
7427,3.720578084,1
7430,3.857148508,1
7444,3.863995743,1
7448,3.566059617,1
7455,3.775365994,1
7488,3.574307475,1
7497,3.737996746,1
7498,3.686958493,1
7508,3.833344085,1
7515,3.596865614,1
7534,3.587264978,1
7539,3.675019626,1
7541,3.601001891,1
7544,3.842489422,1
7553,3.589149453,1
7559,3.734575829,1
7560,3.789390749,1
7561,3.749332921,1
7567,3.6470442,1
7570,3.644271506,1
7575,3.857558277,1
7576,3.667459347,1
7581,3.669513594,1
7595,3.606109729,1
7601,3.590930521,1
7623,3.724685036,0
7624,3.794013963,0
7628,3.840977675,0
7646,3.827688344,0
7668,3.634468686,0
7675,3.709931803,0
7690,3.578336486,0
7706,3.797279769,0
7709,3.74124326,0
7711,3.758475171,0
7713,3.810175536,0
7714,3.824511283,0
7715,3.689152418,0
7733,3.725409656,0
7734,3.580831371,0
7772,3.630857933,0
7779,3.661663158,0
7791,3.618645115,0
7809,3.713432204,0
7841,3.774389031,0
7857,3.718995341,0
7878,3.716902509,0
7880,3.667463977,0
7882,3.829050383,0
7890,3.857705671,0
7892,3.573041127,0
7910,3.853005287,0
7915,3.85999297,0
7918,3.669319899,0
7927,3.82650148,0
7929,3.847010773,0
7943,3.620203935,0
7964,3.736789817,0
7965,3.803890866,0
7980,3.590537729,0
7997,3.74781037,0
8012,3.645547887,0
8018,3.618131939,0
8041,3.734259435,0
8089,3.672934511,0
8100,3.582417972,0
8104,3.78200873,0
8137,3.639700767,0
8138,3.83055287,0
8148,3.655508133,0
8153,3.854716903,0
8157,3.650093161,0
8167,3.812136409,0
8188,3.681476384,0
8195,3.566163024,0
8212,3.693936916,0
8216,3.620733317,0
8231,3.604219852,0
8234,3.740061797,0
8236,3.638709141,0
8238,3.76269479,0
8264,3.572497083,0
8272,3.57995164,0
8295,3.848005486,0
8307,3.720338859,0
8316,3.642426388,0
8342,3.594081345,0
8352,3.82151557,0
8365,3.839055387,0
8371,3.842160681,0
8379,3.683282147,0
8386,3.676130865,0
8399,3.669574558,0
8402,3.672462235,0
8430,3.79897518,0
8441,3.846468273,0
8447,3.75637848,0
8452,3.827917537,0
8467,3.646875199,0
8469,3.757549911,0
8483,3.861208387,0
8514,3.604382679,0
8515,3.817963465,0
8519,3.635511244,0
8530,3.71214965,0
8549,3.850396963,0
8553,3.828478558,0
8569,3.661197056,0
8573,3.785081613,0
8581,3.688924768,0
8617,3.750603128,0
8626,3.728375274,0
8637,3.59480828,0
8663,3.608534389,0
8681,3.708259544,0
8688,3.72339708,0
8705,3.732207503,0
8713,3.655128459,0
8722,3.848831969,0
8755,3.676452661,0
8780,3.66214701,0
8788,3.693209981,0
8809,3.86131025,0
8812,3.738324715,0
8817,3.692374237,0
8821,3.8523779,0
8848,3.817397814,0
8851,3.848137445,0
8863,3.782751099,0
8868,3.653879088,0
8873,3.636616309,0
8881,3.734141366,0
8888,3.635161667,0
8942,3.618016185,0
8950,3.862828943,0
8970,3.732206731,0
8978,3.652976978,0
9010,3.857813708,0
9019,3.718836373,0
9037,3.732219078,0
9043,3.817631637,0
9052,3.635116908,0
9064,3.741124419,0
9105,3.6070674,0
9113,3.686203777,0
9116,3.749156974,0
9118,3.593576657,0
9121,3.821437629,0
9125,3.670674221,0
9151,3.727682293,0
9193,3.861580343,0
9216,3.823445575,0
9217,3.656543745,0
9248,3.747984001,0
9256,3.829138356,1
9263,3.801793404,1
9266,3.751750636,1
9277,3.731810852,1
9310,3.726439867,1
9325,3.613655346,1
9330,3.741051108,1
9348,3.758489062,1
9349,3.768421526,1
9376,3.684212809,1
9391,3.823706407,1
9392,3.668685568,1
9394,3.636729748,1
9399,3.68169786,1
9400,3.641756558,1
9409,3.858414857,1
9417,3.822463981,1
9419,3.636141717,1
9422,3.661926306,1
9428,3.617171952,1
9433,3.589951242,1
9443,3.757127023,1
9447,3.749694073,1
9454,3.664813211,1
9477,3.705388845,1
9485,3.701637644,1
9486,3.62255297,1
9487,3.831106174,1
9495,3.830135384,1
9497,3.828221584,1
9506,3.760338039,1
9533,3.695921711,1
9550,3.714535726,1
9557,3.703023605,1
9562,3.581398565,1
9567,3.785398779,1
9572,3.598184438,1
9578,3.815051095,1
9590,3.727017865,1
9601,3.783565236,1
9618,3.731209703,1
9636,3.742420092,1
9646,3.864197155,1
9656,3.679671394,1
9666,3.588221106,1
9689,3.604879649,1
9692,3.644644234,1
9693,3.645118826,1
9702,3.779286196,1
9715,3.606207734,1
9719,3.651696739,1
9724,3.730570741,1
9732,3.770258928,1
9746,3.755821318,1
9752,3.584455243,1
9757,3.792442796,1
9762,3.593280327,1
9765,3.821398272,1
9776,3.630151834,1
9778,3.605149742,1
9813,3.688435514,1
9827,3.684732158,1
9829,3.68011203,1
9846,3.595059852,1
9857,3.579811192,1
9864,3.704764545,1
9866,3.827581079,1
9883,3.705621125,1
9887,3.721067338,1
9902,3.575289841,1
9904,3.785546944,1
9924,3.580296587,1
9934,3.624813259,1
9937,3.804012794,1
9939,3.74367255,1
9955,3.616800768,1
9966,3.569385616,1
9983,3.57332511,1
9991,3.818485902,1
10027,3.599902999,1
10031,3.74522211,1
10038,3.648271964,1
10044,3.709910196,1
10049,3.682739646,1
10051,3.839066191,1
10054,3.789899295,1
10061,3.622697276,1
10070,3.592289473,1
10072,3.713192208,1
10084,3.780391261,1
10085,3.666152098,1
10086,3.594718764,1
10100,3.675894726,1
10120,3.690404104,1
10132,3.711453583,1
10165,3.785474405,1
10168,3.804871688,1
10172,3.649648665,1
10180,3.670370174,1
10185,3.75105071,1
10206,3.667357483,1
10209,3.59426578,1
10241,3.863430092,1
10242,3.722945639,1
10259,3.614427039,1
10265,3.577351806,1
10279,3.601040475,1
10288,3.854420572,1
10296,3.765490635,1
10298,3.749948732,1
10299,3.7077155,1
10300,3.773863508,1
10306,3.619283305,1
10323,3.755700162,1
10339,3.801091163,1
10342,3.731174977,1
10345,3.650691223,1
10350,3.584902825,1
10356,3.830437116,1
10373,3.718381845,1
10374,3.860817138,1
10384,3.634609134,1
10386,3.648502701,1
10387,3.661839104,1
10392,3.773671356,1
10396,3.604962221,1
10407,3.718850263,1
10416,3.858702699,1
10432,3.713808019,1
10435,3.804973552,1
10451,3.615644771,1
10454,3.741690842,1
10457,3.614191673,1
10460,3.839462069,1
10470,3.621504238,1
10478,3.655611539,1
10492,3.616944303,1
10494,3.682015026,1
10501,3.622972771,1
10538,3.853352549,1
10547,3.795095877,1
10552,3.608916377,1
10558,3.617560114,1
10587,3.743334548,1
10598,3.623718227,1
10612,3.759142686,1
10613,3.837748138,1
10618,3.584665143,1
10619,3.59524583,1
10621,3.671113315,1
10634,3.706775578,1
10643,3.690508283,1
10646,3.734309595,1
10663,3.83837784,1
10665,3.775716343,1
10698,3.760599643,1
10700,3.675866946,1
10702,3.69418463,1
10706,3.584415886,1
10710,3.706874354,1
10716,3.668488786,1
10717,3.596022154,1
10721,3.786063207,1
10732,3.838556101,1
10736,3.578355779,1
10750,3.66592059,1
10755,3.685564815,1
10760,3.807003105,1
10761,3.833371866,1
10763,3.683269028,1
10769,3.581149308,1
10789,3.586394508,1
10790,3.571895162,1
10794,3.848371268,1
10796,3.663201915,1
10797,3.676843909,1
10798,3.57578141,1
10805,3.676253564,1
10807,3.569610178,1
10812,3.804661788,1
10813,3.594178578,1
10814,3.65176079,1
10818,3.721833629,1
10819,3.864748144,1
10831,3.625693761,1
10843,3.818158704,1
10855,3.64214935,1
10863,3.739358013,1
10872,3.655221834,1
10887,3.668450973,1
10898,3.595369301,1
10913,3.755513412,1
10916,3.621595298,1
10919,3.567802101,1
10920,3.830477244,1
10934,3.651587159,1
10947,3.848115838,1
10958,3.664966777,1
10961,3.845491309,1
10964,3.737701959,1
10971,3.597126447,1
10980,3.657217433,1
10985,3.600692442,1
10996,3.622967369,1
11007,3.759530076,1
11009,3.840334083,1
11041,3.565291783,1
11046,3.57729007,1
11064,3.607433954,1
11083,3.675501163,1
11087,3.61784101,1
11106,3.646716231,1
11111,3.761493264,1
11135,3.597406571,1
11147,3.702021947,1
11166,3.864399339,1
11180,3.82032639,1
11196,3.76824095,1
11202,3.825807728,1
11204,3.714034897,1
11206,3.756947218,1
11211,3.777096902,1
11214,3.635566806,1
11228,3.73663162,1
11230,3.572256315,1
11236,3.566297299,1
11237,3.720578084,1
11240,3.857148508,1
11254,3.863995743,1
11258,3.566059617,1
11265,3.775365994,1
11298,3.574307475,1
11307,3.737996746,1
11308,3.686958493,1
11318,3.833344085,1
11325,3.596865614,1
11344,3.587264978,1
11349,3.675019626,1
11351,3.601001891,1
11354,3.842489422,1
11363,3.589149453,1
11369,3.734575829,1
11370,3.789390749,1
11371,3.749332921,1
11377,3.6470442,1
11380,3.644271506,1
11385,3.857558277,1
11386,3.667459347,1
11391,3.669513594,1
11405,3.606109729,1
11411,3.590930521,1
11433,3.724685036,0
11434,3.794013963,0
11438,3.840977675,0
11456,3.827688344,0
11478,3.634468686,0
11485,3.709931803,0
11500,3.578336486,0
11516,3.797279769,0
11519,3.74124326,0
11521,3.758475171,0
11523,3.810175536,0
11524,3.824511283,0
11525,3.689152418,0
11543,3.725409656,0
11544,3.580831371,0
11582,3.630857933,0
11589,3.661663158,0
11601,3.618645115,0
11619,3.713432204,0
11651,3.774389031,0
11667,3.718995341,0
11688,3.716902509,0
11690,3.667463977,0
11692,3.829050383,0
11700,3.857705671,0
11702,3.573041127,0
11720,3.853005287,0
11725,3.85999297,0
11728,3.669319899,0
11737,3.82650148,0
11739,3.847010773,0
11753,3.620203935,0
11774,3.736789817,0
11775,3.803890866,0
11790,3.590537729,0
11807,3.74781037,0
11822,3.645547887,0
11828,3.618131939,0
11851,3.734259435,0
11899,3.672934511,0
11910,3.582417972,0
11914,3.78200873,0
11947,3.639700767,0
11948,3.83055287,0
11958,3.655508133,0
11963,3.854716903,0
11967,3.650093161,0
11977,3.812136409,0
11998,3.681476384,0
12005,3.566163024,0
12022,3.693936916,0
12026,3.620733317,0
12041,3.604219852,0
12044,3.740061797,0
12046,3.638709141,0
12048,3.76269479,0
12074,3.572497083,0
12082,3.57995164,0
12105,3.848005486,0
12117,3.720338859,0
12126,3.642426388,0
12152,3.594081345,0
12162,3.82151557,0
12175,3.839055387,0
12181,3.842160681,0
12189,3.683282147,0
12196,3.676130865,0
12209,3.669574558,0
12212,3.672462235,0
12240,3.79897518,0
12251,3.846468273,0
12257,3.75637848,0
12262,3.827917537,0
12277,3.646875199,0
12279,3.757549911,0
12293,3.861208387,0
12324,3.604382679,0
12325,3.817963465,0
12329,3.635511244,0
12340,3.71214965,0
12359,3.850396963,0
12363,3.828478558,0
12379,3.661197056,0
12383,3.785081613,0
12391,3.688924768,0
12427,3.750603128,0
12436,3.728375274,0
12447,3.59480828,0
12473,3.608534389,0
12491,3.708259544,0
12498,3.72339708,0
12515,3.732207503,0
12523,3.655128459,0
12532,3.848831969,0
12565,3.676452661,0
12590,3.66214701,0
12598,3.693209981,0
12619,3.86131025,0
12622,3.738324715,0
12627,3.692374237,0
12631,3.8523779,0
12658,3.817397814,0
12661,3.848137445,0
12673,3.782751099,0
12678,3.653879088,0
12683,3.636616309,0
12691,3.734141366,0
12698,3.635161667,0
12752,3.618016185,0
12760,3.862828943,0
12780,3.732206731,0
12788,3.652976978,0
12820,3.857813708,0
12829,3.718836373,0
12847,3.732219078,0
12853,3.817631637,0
12862,3.635116908,0
12874,3.741124419,0
12915,3.6070674,0
12923,3.686203777,0
12926,3.749156974,0
12928,3.593576657,0
12931,3.821437629,0
12935,3.670674221,0
12961,3.727682293,0
13003,3.861580343,0
13026,3.823445575,0
13027,3.656543745,0
13058,3.747984001,0
13066,3.829138356,1
13073,3.801793404,1
13076,3.751750636,1
13087,3.731810852,1
13120,3.726439867,1
13135,3.613655346,1
13140,3.741051108,1
13158,3.758489062,1
13159,3.768421526,1
13186,3.684212809,1
13201,3.823706407,1
13202,3.668685568,1
13204,3.636729748,1
13209,3.68169786,1
13210,3.641756558,1
13219,3.858414857,1
13227,3.822463981,1
13229,3.636141717,1
13232,3.661926306,1
13238,3.617171952,1
13243,3.589951242,1
13253,3.757127023,1
13257,3.749694073,1
13264,3.664813211,1
13287,3.705388845,1
13295,3.701637644,1
13296,3.62255297,1
13297,3.831106174,1
13305,3.830135384,1
13307,3.828221584,1
13316,3.760338039,1
13343,3.695921711,1
13360,3.714535726,1
13367,3.703023605,1
13372,3.581398565,1
13377,3.785398779,1
13382,3.598184438,1
13388,3.815051095,1
13400,3.727017865,1
13411,3.783565236,1
13428,3.731209703,1
13446,3.742420092,1
13456,3.864197155,1
13466,3.679671394,1
13476,3.588221106,1
13499,3.604879649,1
13502,3.644644234,1
13503,3.645118826,1
13512,3.779286196,1
13525,3.606207734,1
13529,3.651696739,1
13534,3.730570741,1
13542,3.770258928,1
13556,3.755821318,1
13562,3.584455243,1
13567,3.792442796,1
13572,3.593280327,1
13575,3.821398272,1
13586,3.630151834,1
13588,3.605149742,1
13623,3.688435514,1
13637,3.684732158,1
13639,3.68011203,1
13656,3.595059852,1
13667,3.579811192,1
13674,3.704764545,1
13676,3.827581079,1
13693,3.705621125,1
13697,3.721067338,1
13712,3.575289841,1
13714,3.785546944,1
13734,3.580296587,1
13744,3.624813259,1
13747,3.804012794,1
13749,3.74367255,1
13765,3.616800768,1
13776,3.569385616,1
13793,3.57332511,1
13801,3.818485902,1
13837,3.599902999,1
13841,3.74522211,1
13848,3.648271964,1
13854,3.709910196,1
13859,3.682739646,1
13861,3.839066191,1
13864,3.789899295,1
13871,3.622697276,1
13880,3.592289473,1
13882,3.713192208,1
13894,3.780391261,1
13895,3.666152098,1
13896,3.594718764,1
13910,3.675894726,1
13930,3.690404104,1
13942,3.711453583,1
13975,3.785474405,1
13978,3.804871688,1
13982,3.649648665,1
13990,3.670370174,1
13995,3.75105071,1
14016,3.667357483,1
14019,3.59426578,1
14051,3.863430092,1
14052,3.722945639,1
14069,3.614427039,1
14075,3.577351806,1
14089,3.601040475,1
14098,3.854420572,1
14106,3.765490635,1
14108,3.749948732,1
14109,3.7077155,1
14110,3.773863508,1
14116,3.619283305,1
14133,3.755700162,1
14149,3.801091163,1
14152,3.731174977,1
14155,3.650691223,1
14160,3.584902825,1
14166,3.830437116,1
14183,3.718381845,1
14184,3.860817138,1
14194,3.634609134,1
14196,3.648502701,1
14197,3.661839104,1
14202,3.773671356,1
14206,3.604962221,1
14217,3.718850263,1
14226,3.858702699,1
14242,3.713808019,1
14245,3.804973552,1
14261,3.615644771,1
14264,3.741690842,1
14267,3.614191673,1
14270,3.839462069,1
14280,3.621504238,1
14288,3.655611539,1
14302,3.616944303,1
14304,3.682015026,1
14311,3.622972771,1
14348,3.853352549,1
14357,3.795095877,1
14362,3.608916377,1
14368,3.617560114,1
14397,3.743334548,1
14408,3.623718227,1
14422,3.759142686,1
14423,3.837748138,1
14428,3.584665143,1
14429,3.59524583,1
14431,3.671113315,1
14444,3.706775578,1
14453,3.690508283,1
14456,3.734309595,1
14473,3.83837784,1
14475,3.775716343,1
14508,3.760599643,1
14510,3.675866946,1
14512,3.69418463,1
14516,3.584415886,1
14520,3.706874354,1
14526,3.668488786,1
14527,3.596022154,1
14531,3.786063207,1
14542,3.838556101,1
14546,3.578355779,1
14560,3.66592059,1
14565,3.685564815,1
14570,3.807003105,1
14571,3.833371866,1
14573,3.683269028,1
14579,3.581149308,1
14599,3.586394508,1
14600,3.571895162,1
14604,3.848371268,1
14606,3.663201915,1
14607,3.676843909,1
14608,3.57578141,1
14615,3.676253564,1
14617,3.569610178,1
14622,3.804661788,1
14623,3.594178578,1
14624,3.65176079,1
14628,3.721833629,1
14629,3.864748144,1
14641,3.625693761,1
14653,3.818158704,1
14665,3.64214935,1
14673,3.739358013,1
14682,3.655221834,1
14697,3.668450973,1
14708,3.595369301,1
14723,3.755513412,1
14726,3.621595298,1
14729,3.567802101,1
14730,3.830477244,1
14744,3.651587159,1
14757,3.848115838,1
14768,3.664966777,1
14771,3.845491309,1
14774,3.737701959,1
14781,3.597126447,1
14790,3.657217433,1
14795,3.600692442,1
14806,3.622967369,1
14817,3.759530076,1
14819,3.840334083,1
14851,3.565291783,1
14856,3.57729007,1
14874,3.607433954,1
14893,3.675501163,1
14897,3.61784101,1
14916,3.646716231,1
14921,3.761493264,1
14945,3.597406571,1
14957,3.702021947,1
14976,3.864399339,1
14990,3.82032639,1
15006,3.76824095,1
15012,3.825807728,1
15014,3.714034897,1
15016,3.756947218,1
15021,3.777096902,1
15024,3.635566806,1
15038,3.73663162,1
15040,3.572256315,1
15046,3.566297299,1
15047,3.720578084,1
15050,3.857148508,1
15064,3.863995743,1
15068,3.566059617,1
15075,3.775365994,1
15108,3.574307475,1
15117,3.737996746,1
15118,3.686958493,1
15128,3.833344085,1
15135,3.596865614,1
15154,3.587264978,1
15159,3.675019626,1
15161,3.601001891,1
15164,3.842489422,1
15173,3.589149453,1
15179,3.734575829,1
15180,3.789390749,1
15181,3.749332921,1
15187,3.6470442,1
15190,3.644271506,1
15195,3.857558277,1
15196,3.667459347,1
15201,3.669513594,1
15215,3.606109729,1
15221,3.590930521,1
15243,3.724685036,0
15244,3.794013963,0
15248,3.840977675,0
15266,3.827688344,0
15288,3.634468686,0
15295,3.709931803,0
15310,3.578336486,0
15326,3.797279769,0
15329,3.74124326,0
15331,3.758475171,0
15333,3.810175536,0
15334,3.824511283,0
15335,3.689152418,0
15353,3.725409656,0
15354,3.580831371,0
15392,3.630857933,0
15399,3.661663158,0
15411,3.618645115,0
15429,3.713432204,0
15461,3.774389031,0
15477,3.718995341,0
15498,3.716902509,0
15500,3.667463977,0
15502,3.829050383,0
15510,3.857705671,0
15512,3.573041127,0
15530,3.853005287,0
15535,3.85999297,0
15538,3.669319899,0
15547,3.82650148,0
15549,3.847010773,0
15563,3.620203935,0
15584,3.736789817,0
15585,3.803890866,0
15600,3.590537729,0
15617,3.74781037,0
15632,3.645547887,0
15638,3.618131939,0
15661,3.734259435,0
15709,3.672934511,0
15720,3.582417972,0
15724,3.78200873,0
15757,3.639700767,0
15758,3.83055287,0
15768,3.655508133,0
15773,3.854716903,0
15777,3.650093161,0
15787,3.812136409,0
15808,3.681476384,0
15815,3.566163024,0
15832,3.693936916,0
15836,3.620733317,0
15851,3.604219852,0
15854,3.740061797,0
15856,3.638709141,0
15858,3.76269479,0
15884,3.572497083,0
15892,3.57995164,0
15915,3.848005486,0
15927,3.720338859,0
15936,3.642426388,0
15962,3.594081345,0
15972,3.82151557,0
15985,3.839055387,0
15991,3.842160681,0
15999,3.683282147,0
16006,3.676130865,0
16019,3.669574558,0
16022,3.672462235,0
16050,3.79897518,0
16061,3.846468273,0
16067,3.75637848,0
16072,3.827917537,0
16087,3.646875199,0
16089,3.757549911,0
16103,3.861208387,0
16134,3.604382679,0
16135,3.817963465,0
16139,3.635511244,0
16150,3.71214965,0
16169,3.850396963,0
16173,3.828478558,0
16189,3.661197056,0
16193,3.785081613,0
16201,3.688924768,0
16237,3.750603128,0
16246,3.728375274,0
16257,3.59480828,0
16283,3.608534389,0
16301,3.708259544,0
16308,3.72339708,0
16325,3.732207503,0
16333,3.655128459,0
16342,3.848831969,0
16375,3.676452661,0
16400,3.66214701,0
16408,3.693209981,0
16429,3.86131025,0
16432,3.738324715,0
16437,3.692374237,0
16441,3.8523779,0
16468,3.817397814,0
16471,3.848137445,0
16483,3.782751099,0
16488,3.653879088,0
16493,3.636616309,0
16501,3.734141366,0
16508,3.635161667,0
16562,3.618016185,0
16570,3.862828943,0
16590,3.732206731,0
16598,3.652976978,0
16630,3.857813708,0
16639,3.718836373,0
16657,3.732219078,0
16663,3.817631637,0
16672,3.635116908,0
16684,3.741124419,0
16725,3.6070674,0
16733,3.686203777,0
16736,3.749156974,0
16738,3.593576657,0
16741,3.821437629,0
16745,3.670674221,0
16771,3.727682293,0
16813,3.861580343,0
16836,3.823445575,0
16837,3.656543745,0
16868,3.747984001,0
16876,3.829138356,1
16883,3.801793404,1
16886,3.751750636,1
16897,3.731810852,1
16930,3.726439867,1
16945,3.613655346,1
16950,3.741051108,1
16968,3.758489062,1
16969,3.768421526,1
16996,3.684212809,1
17011,3.823706407,1
17012,3.668685568,1
17014,3.636729748,1
17019,3.68169786,1
17020,3.641756558,1
17029,3.858414857,1
17037,3.822463981,1
17039,3.636141717,1
17042,3.661926306,1
17048,3.617171952,1
17053,3.589951242,1
17063,3.757127023,1
17067,3.749694073,1
17074,3.664813211,1
17097,3.705388845,1
17105,3.701637644,1
17106,3.62255297,1
17107,3.831106174,1
17115,3.830135384,1
17117,3.828221584,1
17126,3.760338039,1
17153,3.695921711,1
17170,3.714535726,1
17177,3.703023605,1
17182,3.581398565,1
17187,3.785398779,1
17192,3.598184438,1
17198,3.815051095,1
17210,3.727017865,1
17221,3.783565236,1
17238,3.731209703,1
17256,3.742420092,1
17266,3.864197155,1
17276,3.679671394,1
17286,3.588221106,1
17309,3.604879649,1
17312,3.644644234,1
17313,3.645118826,1
17322,3.779286196,1
17335,3.606207734,1
17339,3.651696739,1
17344,3.730570741,1
17352,3.770258928,1
17366,3.755821318,1
17372,3.584455243,1
17377,3.792442796,1
17382,3.593280327,1
17385,3.821398272,1
17396,3.630151834,1
17398,3.605149742,1
17433,3.688435514,1
17447,3.684732158,1
17449,3.68011203,1
17466,3.595059852,1
17477,3.579811192,1
17484,3.704764545,1
17486,3.827581079,1
17503,3.705621125,1
17507,3.721067338,1
17522,3.575289841,1
17524,3.785546944,1
17544,3.580296587,1
17554,3.624813259,1
17557,3.804012794,1
17559,3.74367255,1
17575,3.616800768,1
17586,3.569385616,1
17603,3.57332511,1
17611,3.818485902,1
17647,3.599902999,1
17651,3.74522211,1
17658,3.648271964,1
17664,3.709910196,1
17669,3.682739646,1
17671,3.839066191,1
17674,3.789899295,1
17681,3.622697276,1
17690,3.592289473,1
17692,3.713192208,1
17704,3.780391261,1
17705,3.666152098,1
17706,3.594718764,1
17720,3.675894726,1
17740,3.690404104,1
17752,3.711453583,1
17785,3.785474405,1
17788,3.804871688,1
17792,3.649648665,1
17800,3.670370174,1
17805,3.75105071,1
17826,3.667357483,1
17829,3.59426578,1
17861,3.863430092,1
17862,3.722945639,1
17879,3.614427039,1
17885,3.577351806,1
17899,3.601040475,1
17908,3.854420572,1
17916,3.765490635,1
17918,3.749948732,1
17919,3.7077155,1
17920,3.773863508,1
17926,3.619283305,1
17943,3.755700162,1
17959,3.801091163,1
17962,3.731174977,1
17965,3.650691223,1
17970,3.584902825,1
17976,3.830437116,1
17993,3.718381845,1
17994,3.860817138,1
18004,3.634609134,1
18006,3.648502701,1
18007,3.661839104,1
18012,3.773671356,1
18016,3.604962221,1
18027,3.718850263,1
18036,3.858702699,1
18052,3.713808019,1
18055,3.804973552,1
18071,3.615644771,1
18074,3.741690842,1
18077,3.614191673,1
18080,3.839462069,1
18090,3.621504238,1
18098,3.655611539,1
18112,3.616944303,1
18114,3.682015026,1
18121,3.622972771,1
18158,3.853352549,1
18167,3.795095877,1
18172,3.608916377,1
18178,3.617560114,1
18207,3.743334548,1
18218,3.623718227,1
18232,3.759142686,1
18233,3.837748138,1
18238,3.584665143,1
18239,3.59524583,1
18241,3.671113315,1
18254,3.706775578,1
18263,3.690508283,1
18266,3.734309595,1
18271,3.564439061,1
18283,3.83837784,1
18285,3.775716343,1
18318,3.760599643,1
18320,3.675866946,1
18322,3.69418463,1
18326,3.584415886,1
18330,3.706874354,1
18336,3.668488786,1
18337,3.596022154,1
18341,3.786063207,1
18352,3.838556101,1
18356,3.578355779,1
18370,3.66592059,1
18375,3.685564815,1
18380,3.807003105,1
18381,3.833371866,1
18383,3.683269028,1
18389,3.581149308,1
18409,3.586394508,1
18410,3.571895162,1
18414,3.848371268,1
18416,3.663201915,1
18417,3.676843909,1
18418,3.57578141,1
18425,3.676253564,1
18427,3.569610178,1
18432,3.804661788,1
18433,3.594178578,1
18434,3.65176079,1
18438,3.721833629,1
18439,3.864748144,1
18451,3.625693761,1
18463,3.818158704,1
18475,3.64214935,1
18483,3.739358013,1
18492,3.655221834,1
18507,3.668450973,1
18518,3.595369301,1
18533,3.755513412,1
18536,3.621595298,1
18539,3.567802101,1
18540,3.830477244,1
18554,3.651587159,1
18567,3.848115838,1
18578,3.664966777,1
18581,3.845491309,1
18584,3.737701959,1
18591,3.597126447,1
18600,3.657217433,1
18605,3.600692442,1
18616,3.622967369,1
18627,3.759530076,1
18629,3.840334083,1
18661,3.565291783,1
18666,3.57729007,1
18684,3.607433954,1
18703,3.675501163,1
18707,3.61784101,1
18726,3.646716231,1
18731,3.761493264,1
18755,3.597406571,1
18767,3.702021947,1
18786,3.864399339,1
18800,3.82032639,1
18816,3.76824095,1
18822,3.825807728,1
18824,3.714034897,1
18826,3.756947218,1
18831,3.777096902,1
18834,3.635566806,1
18848,3.73663162,1
18850,3.572256315,1
18856,3.566297299,1
18857,3.720578084,1
18860,3.857148508,1
18874,3.863995743,1
18878,3.566059617,1
18885,3.775365994,1
18918,3.574307475,1
18927,3.737996746,1
18928,3.686958493,1
18938,3.833344085,1
18945,3.596865614,1
18964,3.587264978,1
18969,3.675019626,1
18971,3.601001891,1
18974,3.842489422,1
18983,3.589149453,1
18989,3.734575829,1
18990,3.789390749,1
18991,3.749332921,1
18997,3.6470442,1
19000,3.644271506,1
19005,3.857558277,1
19006,3.667459347,1
19011,3.669513594,1
19025,3.606109729,1
19031,3.590930521,1
